22784,/Users/Administrator/Dropbox/Playlists/btm_1603_francis_howell_steppers.xpls
22782,/Users/Administrator/Dropbox/Playlists/btm_1603_artists_for_a_cause.xpls
22780,/Users/Administrator/Dropbox/Playlists/btm_160_math_fact_scholars.xpls
22778,/Users/Administrator/Dropbox/Playlists/btm_1603_jennings_schools.xpls
22776,/Users/Administrator/Dropbox/Playlists/PROXY.xpls
22765,/Users/Administrator/Dropbox/Playlists/PROXY.xpls
22762,/Users/Administrator/Dropbox/Playlists/PROXY.xpls
22754,/Users/Administrator/Dropbox/Playlists/hpr_1503_theater_circle_awards_sizzle.xpls
22428,/Users/Administrator/Dropbox/Playlists/tot_160303.xpls
22562,/Users/Administrator/Dropbox/Playlists/PROXY.xpls
22554,/Users/Administrator/Dropbox/Playlists/PROXY.xpls
22551,/Users/Administrator/Dropbox/Playlists/PROXY.xpls
22549,/Users/Administrator/Dropbox/Playlists/PROXY.xpls
22547,/Users/Administrator/Dropbox/Playlists/PROXY.xpls
22538,/Users/Administrator/Dropbox/Playlists/PROXY.xpls
22485,/Users/Administrator/Dropbox/Playlists/btm_1603_air.xpls
22382,/Users/Administrator/Dropbox/Playlists/fra_1603.xpls
22062,/Users/Administrator/Dropbox/Playlists/imp_1602.xpls
22275,/Users/Administrator/Dropbox/Playlists/ilj_miles_davis_statue.xpls
22247,/Users/Administrator/Dropbox/Playlists/hlv_1602_hitfp_race_and_civil_rights.xpls
22274,/Users/Administrator/Dropbox/Playlists/PROXY.xpls
22272,/Users/Administrator/Dropbox/Playlists/PROXY.xpls
21783,/Users/Administrator/Dropbox/Playlists/hlv_160212_explore_trains.xpls
22227,/Users/Administrator/Dropbox/Playlists/PROXY.xpls
22110,/Users/Administrator/Dropbox/Playlists/PROXY.xpls
22091,/Users/Administrator/Dropbox/Playlists/PROXY.xpls
22094,/Users/Administrator/Dropbox/Playlists/PROXY.xpls
22088,/Users/Administrator/Dropbox/Playlists/PROXY.xpls
22087,/Users/Administrator/Dropbox/Playlists/PROXY.xpls
22084,/Users/Administrator/Dropbox/Playlists/PROXY.xpls
22083,/Users/Administrator/Dropbox/Playlists/PROXY.xpls
22081,/Users/Administrator/Dropbox/Playlists/PROXY.xpls
22079,/Users/Administrator/Dropbox/Playlists/PROXY.xpls
22077,/Users/Administrator/Dropbox/Playlists/PROXY.xpls
22060,/Users/Administrator/Dropbox/Playlists/inn_1602_air.xpls
22057,/Users/Administrator/Dropbox/Playlists/tot_160218.xpls
22055,/Users/Administrator/Dropbox/Playlists/tot_160204.xpls
21561,/Users/Administrator/Dropbox/Playlists/tot_160121.xpls
21850,/Users/Administrator/Dropbox/Playlists/PROXY.xpls
21848,/Users/Administrator/Dropbox/Playlists/PROXY.xpls
21845,/Users/Administrator/Dropbox/Playlists/PROXY.xpls
21844,/Users/Administrator/Dropbox/Playlists/PROXY.xpls
21842,/Users/Administrator/Dropbox/Playlists/PROXY.xpls
21838,/Users/Administrator/Dropbox/Playlists/PROXY.xpls
21275,/Users/Administrator/Dropbox/Playlists/sot_1601_air.xpls
21559,/Users/Administrator/Dropbox/Playlists/tot_160107.xpls
22224,/Users/Administrator/Dropbox/Playlists/PROXY.xpls
22190,/Users/Administrator/Dropbox/Playlists/PROXY.xpls
21223,/Users/Administrator/Dropbox/Playlists/tot_151224.xpls
21576,/Users/Administrator/Dropbox/Playlists/mtb_1601_sam_weller.xpls
21555,/Users/Administrator/Dropbox/Playlists/inn_1601_air.xpls
21551,/Users/Administrator/Dropbox/Playlists/sot_1601_terry_barber.xpls
21553,/Users/Administrator/Dropbox/Playlists/PROXY.xpls
21548,/Users/Administrator/Dropbox/Playlists/hpr_1512_st_louis_on_stage_air.xpls
22070,/Users/Administrator/Dropbox/Playlists/PROXY.xpls
21544,/Users/Administrator/Dropbox/Playlists/acw_1601_tom_george.xpls
21538,/Users/Administrator/Dropbox/Playlists/hpr_1512_st_louis_on_stage_air.xpls
21433,/Users/Administrator/Dropbox/Playlists/PROXY.xpls
21407,/Users/Administrator/Dropbox/Playlists/PROXY.xpls
21406,/Users/Administrator/Dropbox/Playlists/PROXY.xpls
21404,/Users/Administrator/Dropbox/Playlists/PROXY.xpls
21402,/Users/Administrator/Dropbox/Playlists/PROXY.xpls
21400,/Users/Administrator/Dropbox/Playlists/PROXY.xpls
,/Users/Administrator/Dropbox/Playlists/inn_1512_full show.xpls
21397,/Users/Administrator/Dropbox/Playlists/PROXY.xpls
21394,/Users/Administrator/Dropbox/Playlists/PROXY.xpls
21278,/Users/Administrator/Dropbox/Playlists/PROXY.xpls
21231,/Users/Administrator/Dropbox/Playlists/hpr_1512_st_louis_on_stage_air.xpls
21227,/Users/Administrator/Dropbox/Playlists/mtb_1512_brooks.xpls
21225,/Users/Administrator/Dropbox/Playlists/btm_1512.xpls
21221,/Users/Administrator/Dropbox/Playlists/tot_151210.xpls
21217,/Users/Administrator/Dropbox/Playlists/inn_1512_full show.xpls
21214,/Users/Administrator/Dropbox/Playlists/PROXY.xpls
21132,/Users/Administrator/Dropbox/Playlists/PROXY.xpls
20208,/Users/Administrator/Dropbox/Playlists/inn_1510.xpls
19963,/Users/Administrator/Dropbox/Playlists/hlv_1511_veterans_1_pm.xpls
20830,/Users/Administrator/Dropbox/Playlists/PROXY.xpls
20629,/Users/Administrator/Dropbox/Playlists/PROXY.xpls
20628,/Users/Administrator/Dropbox/Playlists/PROXY.xpls
20626,/Users/Administrator/Dropbox/Playlists/PROXY.xpls
20623,/Users/Administrator/Dropbox/Playlists/PROXY.xpls
20621,/Users/Administrator/Dropbox/Playlists/PROXY.xpls
20619,/Users/Administrator/Dropbox/Playlists/PROXY.xpls
20617,/Users/Administrator/Dropbox/Playlists/PROXY.xpls
20615,/Users/Administrator/Dropbox/Playlists/PROXY.xpls
20609,/Users/Administrator/Dropbox/Playlists/PROXY.xpls
20607,/Users/Administrator/Dropbox/Playlists/mtb_1511_robert_reich_final.xpls
20605,/Users/Administrator/Dropbox/Playlists/fra_1511.xpls
20603,/Users/Administrator/Dropbox/Playlists/tot_151126.xpls
20601,/Users/Administrator/Dropbox/Playlists/tot_151112.xpls
20598,/Users/Administrator/Dropbox/Playlists/fra_1511_sliff.xpls
20595,/Users/Administrator/Dropbox/Playlists/PROXY.xpls
19950,/Users/Administrator/Dropbox/Playlists/hlv_1510_explore_maps_full_show.xpls
20219,/Users/Administrator/Dropbox/Playlists/syn_return_to_rail_5.xpls
21435,/Users/Administrator/Dropbox/Playlists/PROXY.xpls
20423,/Users/Administrator/Dropbox/Playlists/inn_1509_final.xpls
20359,/Users/Administrator/Dropbox/Playlists/PROXY.xpls
20357,/Users/Administrator/Dropbox/Playlists/PROXY.xpls
19930,/Users/Administrator/Dropbox/Playlists/hlv_1510_gemini.xpls
20331,/Users/Administrator/Dropbox/Playlists/hpr_20150917_constitution_day_1pm.xpls
20258,/Users/Administrator/Dropbox/Playlists/doc_recycling_psas_lens.xpls
20255,/Users/Administrator/Dropbox/Playlists/doc_recycling_psas_stl_help.xpls
20261,/Users/Administrator/Dropbox/Playlists/doc_recycling_psas_remains.xpls
20250,/Users/Administrator/Dropbox/Playlists/doc_recycling_psas_epc_.xpls
20247,/Users/Administrator/Dropbox/Playlists/doc_recycling_psas_operation_food.xpls
20240,/Users/Administrator/Dropbox/Playlists/sot_1510_air_revised.xpls
20221,/Users/Administrator/Dropbox/Playlists/fra_1510.xpls
20217,/Users/Administrator/Dropbox/Playlists/syn_return_to_rail_4.xpls
20215,/Users/Administrator/Dropbox/Playlists/syn_return_to_rail_3.xpls
20213,/Users/Administrator/Dropbox/Playlists/syn_return_to_rail_2.xpls
20211,/Users/Administrator/Dropbox/Playlists/syn_return_to_rail_1.xpls
20206,/Users/Administrator/Dropbox/Playlists/tot_151029.xpls
20204,/Users/Administrator/Dropbox/Playlists/tot_151015.xpls
20202,/Users/Administrator/Dropbox/Playlists/tot_151001.xpls
20197,/Users/Administrator/Dropbox/Playlists/PROXY.xpls
21853,/Users/Administrator/Dropbox/Playlists/PROXY.xpls
19858,/Users/Administrator/Dropbox/Playlists/btm_1509.xpls
20078,/Users/Administrator/Dropbox/Playlists/PROXY.xpls
20015,/Users/Administrator/Dropbox/Playlists/hpr_1508_hssu_ferguson_one_year_later.xpls
19779,/Users/Administrator/Dropbox/Playlists/hpr_20150917_constitution_day_10am.xpls
19960,/Users/Administrator/Dropbox/Playlists/hlv_1510_explore_economics_full_show.xpls
19862,/Users/Administrator/Dropbox/Playlists/PROXY.xpls
19860,/Users/Administrator/Dropbox/Playlists/tot_150917.xpls
19855,/Users/Administrator/Dropbox/Playlists/dps_1509_bees .xpls
19843,/Users/Administrator/Dropbox/Playlists/tot_150903.xpls
19320,/Users/Administrator/Dropbox/Playlists/PROXY.xpls
19752,/Users/Administrator/Dropbox/Playlists/hpr_2015_state_of_the_workforce.xpls
19698,/Users/Administrator/Dropbox/Playlists/PROXY.xpls
19322,/Users/Administrator/Dropbox/Playlists/mtb_1507_judy_blume.xpls
19569,/Users/Administrator/Dropbox/Playlists/inn_1507_spirit_of_stl_mars_opportunity_rover.xpls
19555,/Users/Administrator/Dropbox/Playlists/PROXY.xpls
19553,/Users/Administrator/Dropbox/Playlists/ilj_1508.xpls
19551,/Users/Administrator/Dropbox/Playlists/tot_150820.xpls
19549,/Users/Administrator/Dropbox/Playlists/tot_150806.xpls
19547,/Users/Administrator/Dropbox/Playlists/fra_1508_air.xpls
19318,/Users/Administrator/Dropbox/Playlists/sot_1507.xpls
19520,/Users/Administrator/Dropbox/Playlists/PROXY.xpls
19518,/Users/Administrator/Dropbox/Playlists/PROXY.xpls
19516,/Users/Administrator/Dropbox/Playlists/PROXY.xpls
19514,/Users/Administrator/Dropbox/Playlists/PROXY.xpls
19513,/Users/Administrator/Dropbox/Playlists/PROXY.xpls
19511,/Users/Administrator/Dropbox/Playlists/PROXY.xpls
19510,/Users/Administrator/Dropbox/Playlists/PROXY.xpls
19508,/Users/Administrator/Dropbox/Playlists/PROXY.xpls
19506,/Users/Administrator/Dropbox/Playlists/PROXY.xpls
19505,/Users/Administrator/Dropbox/Playlists/PROXY.xpls
19503,/Users/Administrator/Dropbox/Playlists/PROXY.xpls
19501,/Users/Administrator/Dropbox/Playlists/PROXY.xpls
19441,/Users/Administrator/Dropbox/Playlists/PROXY.xpls
19435,/Users/Administrator/Dropbox/Playlists/PROXY.xpls
19316,/Users/Administrator/Dropbox/Playlists/tot_150723.xpls
19314,/Users/Administrator/Dropbox/Playlists/tot_150709.xpls
19312,/Users/Administrator/Dropbox/Playlists/fra_1507.xpls
19310,/Users/Administrator/Dropbox/Playlists/dps_1506_prairies_conservation_energy.xpls
19032,/Users/Administrator/Dropbox/Playlists/btm_1506.xpls
19261,/Users/Administrator/Dropbox/Playlists/PROXY.xpls
19210,/Users/Administrator/Dropbox/Playlists/imp_1506.xpls
19213,/Users/Administrator/Dropbox/Playlists/PROXY.xpls
20487,/Users/Administrator/Dropbox/Playlists/syn_return_to_rail_14.xpls
20485,/Users/Administrator/Dropbox/Playlists/syn_return_to_rail_13.xpls
20483,/Users/Administrator/Dropbox/Playlists/syn_return_to_rail_12.xpls
20481,/Users/Administrator/Dropbox/Playlists/syn_return_to_rail_11.xpls
20479,/Users/Administrator/Dropbox/Playlists/syn_return_to_rail_10.xpls
20477,/Users/Administrator/Dropbox/Playlists/syn_return_to_rail_9.xpls
20475,/Users/Administrator/Dropbox/Playlists/syn_return_to_rail_8.xpls
20473,/Users/Administrator/Dropbox/Playlists/syn_return_to_rail_7.xpls
20470,/Users/Administrator/Dropbox/Playlists/syn_return_to_rail_6.xpls
19223,/Users/Administrator/Dropbox/Playlists/PROXY.xpls
19195,/Users/Administrator/Dropbox/Playlists/PROXY.xpls
19094,/Users/Administrator/Dropbox/Playlists/PROXY.xpls
18653,/Users/Administrator/Dropbox/Playlists/sot_1504.xpls
19149,/Users/Administrator/Dropbox/Playlists/PROXY.xpls
19152,/Users/Administrator/Dropbox/Playlists/PROXY.xpls
19156,/Users/Administrator/Dropbox/Playlists/PROXY.xpls
19159,/Users/Administrator/Dropbox/Playlists/PROXY.xpls
19163,/Users/Administrator/Dropbox/Playlists/PROXY.xpls
19166,/Users/Administrator/Dropbox/Playlists/PROXY.xpls
19169,/Users/Administrator/Dropbox/Playlists/PROXY.xpls
19172,/Users/Administrator/Dropbox/Playlists/PROXY.xpls
19175,/Users/Administrator/Dropbox/Playlists/PROXY.xpls
19178,/Users/Administrator/Dropbox/Playlists/PROXY.xpls
19182,/Users/Administrator/Dropbox/Playlists/PROXY.xpls
19185,/Users/Administrator/Dropbox/Playlists/PROXY.xpls
19188,/Users/Administrator/Dropbox/Playlists/PROXY.xpls
19143,/Users/Administrator/Dropbox/Playlists/PROXY.xpls
19139,/Users/Administrator/Dropbox/Playlists/PROXY.xpls
19130,/Users/Administrator/Dropbox/Playlists/PROXY.xpls
19020,/Users/Administrator/Dropbox/Playlists/ilj_1506.xpls
16473,/Users/Administrator/Dropbox/Playlists/hlv_1503_manifest_destiny.xpls
19112,/Users/Administrator/Dropbox/Playlists/PROXY.xpls
19107,/Users/Administrator/Dropbox/Playlists/PROXY.xpls
19191,/Users/Administrator/Dropbox/Playlists/PROXY.xpls
15122,/Users/Administrator/Dropbox/Playlists/ilj_1407.xpls
19104,/Users/Administrator/Dropbox/Playlists/PROXY.xpls
3781,/Users/Administrator/Dropbox/Playlists/ilj_1302.xpls
19081,/Users/Administrator/Dropbox/Playlists/PROXY.xpls
19078,/Users/Administrator/Dropbox/Playlists/PROXY.xpls
19030,/Users/Administrator/Dropbox/Playlists/tot_150625.xpls
19028,/Users/Administrator/Dropbox/Playlists/tot_150611.xpls
19026,/Users/Administrator/Dropbox/Playlists/mtb_1506_erik_larson.xpls
19018,/Users/Administrator/Dropbox/Playlists/fra_1506.xpls
19014,/Users/Administrator/Dropbox/Playlists/liq_elegy_to_connie.xpls
19005,/Users/Administrator/Dropbox/Playlists/fra_1505_once_films.xpls
19001,/Users/Administrator/Dropbox/Playlists/PROXY.xpls
18945,/Users/Administrator/Dropbox/Playlists/hpr_1506_umsl_chancellor_report.xpls
18888,/Users/Administrator/Dropbox/Playlists/PROXY.xpls
18879,/Users/Administrator/Dropbox/Playlists/hpr_150323_theater_circle_awards.xpls
18876,/Users/Administrator/Dropbox/Playlists/hlv_150225_stl_student_race_summit.xpls
18874,/Users/Administrator/Dropbox/Playlists/PROXY.xpls
18871,/Users/Administrator/Dropbox/Playlists/PROXY.xpls
18864,/Users/Administrator/Dropbox/Playlists/PROXY.xpls
18861,/Users/Administrator/Dropbox/Playlists/PROXY.xpls
18856,/Users/Administrator/Dropbox/Playlists/PROXY.xpls
19216,/Users/Administrator/Dropbox/Playlists/PROXY.xpls
18776,/Users/Administrator/Dropbox/Playlists/PROXY.xpls
18696,/Users/Administrator/Dropbox/Playlists/PROXY.xpls
18692,/Users/Administrator/Dropbox/Playlists/PROXY.xpls
18689,/Users/Administrator/Dropbox/Playlists/PROXY.xpls
18686,/Users/Administrator/Dropbox/Playlists/PROXY.xpls
18673,/Users/Administrator/Dropbox/Playlists/mtb_1505_harden.xpls
18657,/Users/Administrator/Dropbox/Playlists/dps_1504_everglades.xpls
19346,/Users/Administrator/Dropbox/Playlists/PROXY.xpls
19335,/Users/Administrator/Dropbox/Playlists/PROXY.xpls
18649,/Users/Administrator/Dropbox/Playlists/tot_150528.xpls
18647,/Users/Administrator/Dropbox/Playlists/tot_150514.xpls
18553,/Users/Administrator/Dropbox/Playlists/mtb_1504_zelizer.xpls
18994,/Users/Administrator/Dropbox/Playlists/PROXY.xpls
18466,/Users/Administrator/Dropbox/Playlists/ilj_1504.xpls
18465,/Users/Administrator/Dropbox/Playlists/PROXY.xpls
18461,/Users/Administrator/Dropbox/Playlists/PROXY.xpls
18463,/Users/Administrator/Dropbox/Playlists/PROXY.xpls
18458,/Users/Administrator/Dropbox/Playlists/PROXY.xpls
18455,/Users/Administrator/Dropbox/Playlists/PROXY.xpls
18453,/Users/Administrator/Dropbox/Playlists/PROXY.xpls
18451,/Users/Administrator/Dropbox/Playlists/PROXY.xpls
18409,/Users/Administrator/Dropbox/Playlists/hlv_explore_fast.xpls
18392,/Users/Administrator/Dropbox/Playlists/inn_1505_facial_recognition.xpls
18379,/Users/Administrator/Dropbox/Playlists/PROXY.xpls
18364,/Users/Administrator/Dropbox/Playlists/tot_150429.xpls
18362,/Users/Administrator/Dropbox/Playlists/tot_150416.xpls
18360,/Users/Administrator/Dropbox/Playlists/tot_150402.xpls
18350,/Users/Administrator/Dropbox/Playlists/btm_1503.xpls
18334,/Users/Administrator/Dropbox/Playlists/PROXY.xpls
18331,/Users/Administrator/Dropbox/Playlists/PROXY.xpls
18329,/Users/Administrator/Dropbox/Playlists/PROXY.xpls
18317,/Users/Administrator/Dropbox/Playlists/PROXY.xpls
18315,/Users/Administrator/Dropbox/Playlists/PROXY.xpls
18309,/Users/Administrator/Dropbox/Playlists/PROXY.xpls
18308,/Users/Administrator/Dropbox/Playlists/PROXY.xpls
18305,/Users/Administrator/Dropbox/Playlists/PROXY.xpls
18303,/Users/Administrator/Dropbox/Playlists/PROXY.xpls
18217,/Users/Administrator/Dropbox/Playlists/PROXY.xpls
18849,/Users/Administrator/Dropbox/Playlists/tot_150319.xpls
18165,/Users/Administrator/Dropbox/Playlists/sot_1501.xpls
18173,/Users/Administrator/Dropbox/Playlists/PROXY.xpls
18171,/Users/Administrator/Dropbox/Playlists/PROXY.xpls
18168,/Users/Administrator/Dropbox/Playlists/PROXY.xpls
18163,/Users/Administrator/Dropbox/Playlists/hlv_150312_afflicted.xpls
18444,/Users/Administrator/Dropbox/Playlists/hlv_150211_afflicted_10am.xpls
18160,/Users/Administrator/Dropbox/Playlists/PROXY.xpls
18683,/Users/Administrator/Dropbox/Playlists/PROXY.xpls
18846,/Users/Administrator/Dropbox/Playlists/tot_150305.xpls
18568,/Users/Administrator/Dropbox/Playlists/tot_150305.xpls
16908,/Users/Administrator/Dropbox/Playlists/PROXY.xpls
16907,/Users/Administrator/Dropbox/Playlists/PROXY.xpls
16906,/Users/Administrator/Dropbox/Playlists/PROXY.xpls
16904,/Users/Administrator/Dropbox/Playlists/PROXY.xpls
16901,/Users/Administrator/Dropbox/Playlists/PROXY.xpls
16899,/Users/Administrator/Dropbox/Playlists/PROXY.xpls
16895,/Users/Administrator/Dropbox/Playlists/PROXY.xpls
16893,/Users/Administrator/Dropbox/Playlists/PROXY.xpls
18997,/Users/Administrator/Dropbox/Playlists/PROXY.xpls
16534,/Users/Administrator/Dropbox/Playlists/inn_1502.xpls
22454,/Users/Administrator/Dropbox/Playlists/liq_1310_jim_crow_to_barack_obama.xpls
16677,/Users/Administrator/Dropbox/Playlists/tot_150219.xpls
22312,/Users/Administrator/Dropbox/Playlists/PROXY.xpls
22309,/Users/Administrator/Dropbox/Playlists/PROXY.xpls
22306,/Users/Administrator/Dropbox/Playlists/PROXY.xpls
16676,/Users/Administrator/Dropbox/Playlists/PROXY.xpls
16751,/Users/Administrator/Dropbox/Playlists/PROXY.xpls
16707,/Users/Administrator/Dropbox/Playlists/PROXY.xpls
16697,/Users/Administrator/Dropbox/Playlists/PROXY.xpls
16691,/Users/Administrator/Dropbox/Playlists/imp_1502.xpls
16685,/Users/Administrator/Dropbox/Playlists/mtb_1502_cornwell.xpls
16675,/Users/Administrator/Dropbox/Playlists/fra_1502.xpls
16668,/Users/Administrator/Dropbox/Playlists/PROXY.xpls
16527,/Users/Administrator/Dropbox/Playlists/tot_150122.xpls
16654,/Users/Administrator/Dropbox/Playlists/PROXY.xpls
16640,/Users/Administrator/Dropbox/Playlists/PROXY.xpls
16638,/Users/Administrator/Dropbox/Playlists/PROXY.xpls
16635,/Users/Administrator/Dropbox/Playlists/PROXY.xpls
16528,/Users/Administrator/Dropbox/Playlists/mtb_1501_andy_cohen.xpls
21780,/Users/Administrator/Dropbox/Playlists/PROXY.xpls
21777,/Users/Administrator/Dropbox/Playlists/PROXY.xpls
21774,/Users/Administrator/Dropbox/Playlists/PROXY.xpls
21771,/Users/Administrator/Dropbox/Playlists/PROXY.xpls
21768,/Users/Administrator/Dropbox/Playlists/PROXY.xpls
21765,/Users/Administrator/Dropbox/Playlists/PROXY.xpls
21762,/Users/Administrator/Dropbox/Playlists/PROXY.xpls
21757,/Users/Administrator/Dropbox/Playlists/PROXY.xpls
21752,/Users/Administrator/Dropbox/Playlists/PROXY.xpls
21750,/Users/Administrator/Dropbox/Playlists/PROXY.xpls
21747,/Users/Administrator/Dropbox/Playlists/PROXY.xpls
21744,/Users/Administrator/Dropbox/Playlists/PROXY.xpls
16526,/Users/Administrator/Dropbox/Playlists/tot_150108.xpls
16585,/Users/Administrator/Dropbox/Playlists/PROXY.xpls
16544,/Users/Administrator/Dropbox/Playlists/PROXY.xpls
16531,/Users/Administrator/Dropbox/Playlists/ilj_1502.xpls
16489,/Users/Administrator/Dropbox/Playlists/PROXY.xpls
16283,/Users/Administrator/Dropbox/Playlists/tot_141225.xpls
16396,/Users/Administrator/Dropbox/Playlists/hpr_2014_holiday_concert.xpls
16482,/Users/Administrator/Dropbox/Playlists/PROXY.xpls
16446,/Users/Administrator/Dropbox/Playlists/PROXY.xpls
16413,/Users/Administrator/Dropbox/Playlists/PROXY.xpls
16486,/Users/Administrator/Dropbox/Playlists/PROXY.xpls
16389,/Users/Administrator/Dropbox/Playlists/PROXY.xpls
16284,/Users/Administrator/Dropbox/Playlists/btm_1412.xpls
16282,/Users/Administrator/Dropbox/Playlists/tot_141211.xpls
15418,/Users/Administrator/Dropbox/Playlists/PROXY.xpls
16280,/Users/Administrator/Dropbox/Playlists/hlv_141113_challenger_learning_center_orion.xpls
21388,/Users/Administrator/Dropbox/Playlists/PROXY.xpls
21383,/Users/Administrator/Dropbox/Playlists/PROXY.xpls
21380,/Users/Administrator/Dropbox/Playlists/PROXY.xpls
21377,/Users/Administrator/Dropbox/Playlists/PROXY.xpls
21374,/Users/Administrator/Dropbox/Playlists/PROXY.xpls
21371,/Users/Administrator/Dropbox/Playlists/PROXY.xpls
21368,/Users/Administrator/Dropbox/Playlists/PROXY.xpls
21364,/Users/Administrator/Dropbox/Playlists/PROXY.xpls
21361,/Users/Administrator/Dropbox/Playlists/PROXY.xpls
16316,/Users/Administrator/Dropbox/Playlists/acw_louis_bourbon.xpls
16277,/Users/Administrator/Dropbox/Playlists/fra_1412.xpls
16272,/Users/Administrator/Dropbox/Playlists/PROXY.xpls
16038,/Users/Administrator/Dropbox/Playlists/tot_141127.xpls
16269,/Users/Administrator/Dropbox/Playlists/PROXY.xpls
16221,/Users/Administrator/Dropbox/Playlists/PROXY.xpls
16039,/Users/Administrator/Dropbox/Playlists/ilj_1411.xpls
16231,/Users/Administrator/Dropbox/Playlists/PROXY.xpls
16040,/Users/Administrator/Dropbox/Playlists/mtb_1411_piper_kerman.xpls
16226,/Users/Administrator/Dropbox/Playlists/PROXY.xpls
16211,/Users/Administrator/Dropbox/Playlists/fra_1410.xpls
15416,/Users/Administrator/Dropbox/Playlists/hlv_20141119_the_science_behind_sewers.xpls
16037,/Users/Administrator/Dropbox/Playlists/tot_141113.xpls
21048,/Users/Administrator/Dropbox/Playlists/PROXY.xpls
21043,/Users/Administrator/Dropbox/Playlists/PROXY.xpls
21040,/Users/Administrator/Dropbox/Playlists/PROXY.xpls
21036,/Users/Administrator/Dropbox/Playlists/PROXY.xpls
21033,/Users/Administrator/Dropbox/Playlists/PROXY.xpls
21025,/Users/Administrator/Dropbox/Playlists/PROXY.xpls
21022,/Users/Administrator/Dropbox/Playlists/PROXY.xpls
21019,/Users/Administrator/Dropbox/Playlists/PROXY.xpls
21016,/Users/Administrator/Dropbox/Playlists/PROXY.xpls
21013,/Users/Administrator/Dropbox/Playlists/PROXY.xpls
21010,/Users/Administrator/Dropbox/Playlists/PROXY.xpls
21007,/Users/Administrator/Dropbox/Playlists/PROXY.xpls
15463,/Users/Administrator/Dropbox/Playlists/hlv_20141105_history_in_the_first_person_veterans_day_10am.xpls
16041,/Users/Administrator/Dropbox/Playlists/PROXY.xpls
16128,/Users/Administrator/Dropbox/Playlists/PROXY.xpls
16035,/Users/Administrator/Dropbox/Playlists/fra_1411_st_louis_film_fest.xpls
20862,/Users/Administrator/Dropbox/Playlists/PROXY.xpls
20859,/Users/Administrator/Dropbox/Playlists/PROXY.xpls
20856,/Users/Administrator/Dropbox/Playlists/PROXY.xpls
20853,/Users/Administrator/Dropbox/Playlists/PROXY.xpls
20850,/Users/Administrator/Dropbox/Playlists/PROXY.xpls
20847,/Users/Administrator/Dropbox/Playlists/PROXY.xpls
20844,/Users/Administrator/Dropbox/Playlists/PROXY.xpls
20841,/Users/Administrator/Dropbox/Playlists/PROXY.xpls
20833,/Users/Administrator/Dropbox/Playlists/PROXY.xpls
15802,/Users/Administrator/Dropbox/Playlists/PROXY.xpls
15806,/Users/Administrator/Dropbox/Playlists/mtb_reza_aslan.xpls
16042,/Users/Administrator/Dropbox/Playlists/hlv_20141119_the_science_behind_sewers.xpls
15804,/Users/Administrator/Dropbox/Playlists/sot_1410.xpls
20589,/Users/Administrator/Dropbox/Playlists/PROXY.xpls
15801,/Users/Administrator/Dropbox/Playlists/tot_141016.xpls
20586,/Users/Administrator/Dropbox/Playlists/PROXY.xpls
15465,/Users/Administrator/Dropbox/Playlists/PROXY.xpls
16002,/Users/Administrator/Dropbox/Playlists/PROXY.xpls
15999,/Users/Administrator/Dropbox/Playlists/PROXY.xpls
15958,/Users/Administrator/Dropbox/Playlists/PROXY.xpls
15800,/Users/Administrator/Dropbox/Playlists/PROXY.xpls
15508,/Users/Administrator/Dropbox/Playlists/btm_1409.xpls
15509,/Users/Administrator/Dropbox/Playlists/mtb_1409_mark_epstein.xpls
15476,/Users/Administrator/Dropbox/Playlists/tot_140918.xpls
15809,/Users/Administrator/Dropbox/Playlists/PROXY.xpls
15507,/Users/Administrator/Dropbox/Playlists/ilj_1409.xpls
15468,/Users/Administrator/Dropbox/Playlists/hlv_141022_social_media_1pm.xpls
15792,/Users/Administrator/Dropbox/Playlists/PROXY.xpls
15510,/Users/Administrator/Dropbox/Playlists/PROXY.xpls
20128,/Users/Administrator/Dropbox/Playlists/PROXY.xpls
20124,/Users/Administrator/Dropbox/Playlists/PROXY.xpls
20120,/Users/Administrator/Dropbox/Playlists/PROXY.xpls
20116,/Users/Administrator/Dropbox/Playlists/PROXY.xpls
20112,/Users/Administrator/Dropbox/Playlists/PROXY.xpls
20108,/Users/Administrator/Dropbox/Playlists/PROXY.xpls
20101,/Users/Administrator/Dropbox/Playlists/PROXY.xpls
20098,/Users/Administrator/Dropbox/Playlists/PROXY.xpls
20093,/Users/Administrator/Dropbox/Playlists/PROXY.xpls
15517,/Users/Administrator/Dropbox/Playlists/PROXY.xpls
15789,/Users/Administrator/Dropbox/Playlists/PROXY.xpls
15784,/Users/Administrator/Dropbox/Playlists/PROXY.xpls
15518,/Users/Administrator/Dropbox/Playlists/PROXY.xpls
15475,/Users/Administrator/Dropbox/Playlists/tot_140904.xpls
15733,/Users/Administrator/Dropbox/Playlists/PROXY.xpls
15729,/Users/Administrator/Dropbox/Playlists/PROXY.xpls
15725,/Users/Administrator/Dropbox/Playlists/hpr_stl_metromorphosis_clarence_lange_university_of_kansas_st_louis_and_the_importance_of_the_border_south.xpls
15721,/Users/Administrator/Dropbox/Playlists/PROXY.xpls
15346,/Users/Administrator/Dropbox/Playlists/imp_1408.xpls
15445,/Users/Administrator/Dropbox/Playlists/fra_1409.xpls
15696,/Users/Administrator/Dropbox/Playlists/PROXY.xpls
15344,/Users/Administrator/Dropbox/Playlists/tot_140821.xpls
15345,/Users/Administrator/Dropbox/Playlists/mtb_1408_jean_kwok.xpls
15377,/Users/Administrator/Dropbox/Playlists/hlv_140917_con_day_1pm_pgm.xpls
15452,/Users/Administrator/Dropbox/Playlists/PROXY.xpls
19792,/Users/Administrator/Dropbox/Playlists/PROXY.xpls
19790,/Users/Administrator/Dropbox/Playlists/PROXY.xpls
19788,/Users/Administrator/Dropbox/Playlists/PROXY.xpls
19786,/Users/Administrator/Dropbox/Playlists/PROXY.xpls
15449,/Users/Administrator/Dropbox/Playlists/PROXY.xpls
15447,/Users/Administrator/Dropbox/Playlists/PROXY.xpls
15343,/Users/Administrator/Dropbox/Playlists/tot_140807.xpls
15411,/Users/Administrator/Dropbox/Playlists/PROXY.xpls
15383,/Users/Administrator/Dropbox/Playlists/PROXY.xpls
15121,/Users/Administrator/Dropbox/Playlists/sot_1407.xpls
15373,/Users/Administrator/Dropbox/Playlists/PROXY.xpls
15351,/Users/Administrator/Dropbox/Playlists/PROXY.xpls
15120,/Users/Administrator/Dropbox/Playlists/tot_140724.xpls
15339,/Users/Administrator/Dropbox/Playlists/PROXY.xpls
15337,/Users/Administrator/Dropbox/Playlists/PROXY.xpls
15119,/Users/Administrator/Dropbox/Playlists/tot_140710.xpls
15284,/Users/Administrator/Dropbox/Playlists/sot_1407.xpls
15118,/Users/Administrator/Dropbox/Playlists/mtb_1407_dj_brown.xpls
15267,/Users/Administrator/Dropbox/Playlists/PROXY.xpls
15265,/Users/Administrator/Dropbox/Playlists/PROXY.xpls
15226,/Users/Administrator/Dropbox/Playlists/PROXY.xpls
15115,/Users/Administrator/Dropbox/Playlists/fra_1407.xpls
15013,/Users/Administrator/Dropbox/Playlists/tot_140626.xpls
15014,/Users/Administrator/Dropbox/Playlists/PROXY.xpls
15145,/Users/Administrator/Dropbox/Playlists/PROXY.xpls
15117,/Users/Administrator/Dropbox/Playlists/PROXY.xpls
15101,/Users/Administrator/Dropbox/Playlists/PROXY.xpls
15012,/Users/Administrator/Dropbox/Playlists/tot_140612.xpls
15097,/Users/Administrator/Dropbox/Playlists/syn_doc_stlcc_commencement_2014
15094,/Users/Administrator/Dropbox/Playlists/PROXY.xpls
15175,/Users/Administrator/Dropbox/Playlists/PROXY.xpls
15184,/Users/Administrator/Dropbox/Playlists/PROXY.xpls
15082,/Users/Administrator/Dropbox/Playlists/PROXY.xpls
15009,/Users/Administrator/Dropbox/Playlists/mtb_austin_kleon.xpls
15088,/Users/Administrator/Dropbox/Playlists/PROXY.xpls
15182,/Users/Administrator/Dropbox/Playlists/PROXY.xpls
15181,/Users/Administrator/Dropbox/Playlists/PROXY.xpls
15179,/Users/Administrator/Dropbox/Playlists/PROXY.xpls
15061,/Users/Administrator/Dropbox/Playlists/PROXY.xpls
15015,/Users/Administrator/Dropbox/Playlists/fra_1406_webster_student_films.xpls
15025,/Users/Administrator/Dropbox/Playlists/PROXY.xpls
14755,/Users/Administrator/Dropbox/Playlists/PROXY.xpls
15019,/Users/Administrator/Dropbox/Playlists/PROXY.xpls
11672,/Users/Administrator/Dropbox/Playlists/PROXY.xpls
14989,/Users/Administrator/Dropbox/Playlists/PROXY.xpls
14758,/Users/Administrator/Dropbox/Playlists/imp_1405.xpls
14987,/Users/Administrator/Dropbox/Playlists/hpr_umsl_2014_chancellors_report.xpls
14757,/Users/Administrator/Dropbox/Playlists/ilj_1405.xpls
14754,/Users/Administrator/Dropbox/Playlists/PROXY.xpls
14934,/Users/Administrator/Dropbox/Playlists/PROXY.xpls
14756,/Users/Administrator/Dropbox/Playlists/fra_1405_a_short_life.xpls
14846,/Users/Administrator/Dropbox/Playlists/PROXY.xpls
14844,/Users/Administrator/Dropbox/Playlists/PROXY.xpls
14842,/Users/Administrator/Dropbox/Playlists/PROXY.xpls
14523,/Users/Administrator/Dropbox/Playlists/hlv_1404_meet_an_economist_10am.xpls
14839,/Users/Administrator/Dropbox/Playlists/PROXY.xpls
14825,/Users/Administrator/Dropbox/Playlists/PROXY.xpls
14753,/Users/Administrator/Dropbox/Playlists/PROXY.xpls
14527,/Users/Administrator/Dropbox/Playlists/mtb_dave_barry.xpls
14522,/Users/Administrator/Dropbox/Playlists/dps_1404_natures_medicine.xpls
14514,/Users/Administrator/Dropbox/Playlists/PROXY.xpls
14677,/Users/Administrator/Dropbox/Playlists/PROXY.xpls
14676,/Users/Administrator/Dropbox/Playlists/PROXY.xpls
14648,/Users/Administrator/Dropbox/Playlists/PROXY.xpls
14520,/Users/Administrator/Dropbox/Playlists/sot_1404.xpls
14437,/Users/Administrator/Dropbox/Playlists/hex_1404_city_underground.xpls
14423,/Users/Administrator/Dropbox/Playlists/hex_1404_living_green.xpls
14630,/Users/Administrator/Dropbox/Playlists/PROXY.xpls
14616,/Users/Administrator/Dropbox/Playlists/PROXY.xpls
14513,/Users/Administrator/Dropbox/Playlists/PROXY.xpls
14204,/Users/Administrator/Dropbox/Playlists/PROXY.xpls
14515,/Users/Administrator/Dropbox/Playlists/fra_1404_the_life_sentence.xpls
14533,/Users/Administrator/Dropbox/Playlists/PROXY.xpls
14531,/Users/Administrator/Dropbox/Playlists/PROXY.xpls
14208,/Users/Administrator/Dropbox/Playlists/PROXY.xpls
14691,/Users/Administrator/Dropbox/Playlists/PROXY.xpls
14516,/Users/Administrator/Dropbox/Playlists/PROXY.xpls
1990,/Users/Administrator/Dropbox/Playlists/PROXY.xpls
14468,/Users/Administrator/Dropbox/Playlists/ilj_1403.xpls
14200,/Users/Administrator/Dropbox/Playlists/PROXY.xpls
14205,/Users/Administrator/Dropbox/Playlists/PROXY.xpls
14214,/Users/Administrator/Dropbox/Playlists/PROXY.xpls
14206,/Users/Administrator/Dropbox/Playlists/mtb_henrietta_lacks.xpls
14442,/Users/Administrator/Dropbox/Playlists/PROXY.xpls
1858,/Users/Administrator/Dropbox/Playlists/doc_mission_to_educate.xpls
2106,/Users/Administrator/Dropbox/Playlists/doc_immigration.xpls
1494,/Users/Administrator/Dropbox/Playlists/doc_2008_a_sewer_runs_through_it.xpls
11635,/Users/Administrator/Dropbox/Playlists/doc_1305_something_in_the_water.xpls
3614,/Users/Administrator/Dropbox/Playlists/doc_st_louis_recycles_revised.xpls
3594,/Users/Administrator/Dropbox/Playlists/doc_2012_pacific_ring.xpls
14406,/Users/Administrator/Dropbox/Playlists/PROXY.xpls
14404,/Users/Administrator/Dropbox/Playlists/PROXY.xpls
14402,/Users/Administrator/Dropbox/Playlists/PROXY.xpls
14400,/Users/Administrator/Dropbox/Playlists/PROXY.xpls
14398,/Users/Administrator/Dropbox/Playlists/PROXY.xpls
14396,/Users/Administrator/Dropbox/Playlists/PROXY.xpls
14393,/Users/Administrator/Dropbox/Playlists/PROXY.xpls
14391,/Users/Administrator/Dropbox/Playlists/PROXY.xpls
14207,/Users/Administrator/Dropbox/Playlists/hlv_1403_the_science_behind_bowling.xpls
2672,/Users/Administrator/Dropbox/Playlists/PROXY.xpls
14029,/Users/Administrator/Dropbox/Playlists/imp_1402.xpls
14341,/Users/Administrator/Dropbox/Playlists/PROXY.xpls
14336,/Users/Administrator/Dropbox/Playlists/PROXY.xpls
14183,/Users/Administrator/Dropbox/Playlists/PROXY.xpls
14198,/Users/Administrator/Dropbox/Playlists/PROXY.xpls
14032,/Users/Administrator/Dropbox/Playlists/hlv_1402_jim_crow_1pm.xpls
14236,/Users/Administrator/Dropbox/Playlists/PROXY.xpls
14234,/Users/Administrator/Dropbox/Playlists/PROXY.xpls
14232,/Users/Administrator/Dropbox/Playlists/PROXY.xpls
14229,/Users/Administrator/Dropbox/Playlists/PROXY.xpls
14227,/Users/Administrator/Dropbox/Playlists/PROXY.xpls
14225,/Users/Administrator/Dropbox/Playlists/PROXY.xpls
14223,/Users/Administrator/Dropbox/Playlists/PROXY.xpls
14025,/Users/Administrator/Dropbox/Playlists/mtb_jared_diamond.xpls
14023,/Users/Administrator/Dropbox/Playlists/PROXY.xpls
14177,/Users/Administrator/Dropbox/Playlists/doc_1402_synthia_st_james.xpls
14150,/Users/Administrator/Dropbox/Playlists/PROXY.xpls
22258,/Users/Administrator/Dropbox/Playlists/PROXY.xpls
22254,/Users/Administrator/Dropbox/Playlists/PROXY.xpls
14102,/Users/Administrator/Dropbox/Playlists/PROXY.xpls
14021,/Users/Administrator/Dropbox/Playlists/PROXY.xpls
3392,/Users/Administrator/Dropbox/Playlists/PROXY.xpls
12873,/Users/Administrator/Dropbox/Playlists/PROXY.xpls
13908,/Users/Administrator/Dropbox/Playlists/sot_1401.xpls
14066,/Users/Administrator/Dropbox/Playlists/PROXY.xpls
14064,/Users/Administrator/Dropbox/Playlists/PROXY.xpls
14062,/Users/Administrator/Dropbox/Playlists/PROXY.xpls
14060,/Users/Administrator/Dropbox/Playlists/PROXY.xpls
14057,/Users/Administrator/Dropbox/Playlists/PROXY.xpls
13902,/Users/Administrator/Dropbox/Playlists/PROXY.xpls
13233,/Users/Administrator/Dropbox/Playlists/mtb_1401_patchett.xpls
14001,/Users/Administrator/Dropbox/Playlists/PROXY.xpls
13861,/Users/Administrator/Dropbox/Playlists/hex_140122_eyes_ears.xpls
13998,/Users/Administrator/Dropbox/Playlists/PROXY.xpls
13906,/Users/Administrator/Dropbox/Playlists/ilj_1401.xpls
13991,/Users/Administrator/Dropbox/Playlists/PROXY.xpls
13969,/Users/Administrator/Dropbox/Playlists/PROXY.xpls
13900,/Users/Administrator/Dropbox/Playlists/PROXY.xpls
3117,/Users/Administrator/Dropbox/Playlists/PROXY.xpls
13955,/Users/Administrator/Dropbox/Playlists/PROXY.xpls
13443,/Users/Administrator/Dropbox/Playlists/PROXY.xpls
13856,/Users/Administrator/Dropbox/Playlists/hpr_2013_umsl_holiday_jazz_concert.xpls
13949,/Users/Administrator/Dropbox/Playlists/PROXY.xpls
13947,/Users/Administrator/Dropbox/Playlists/PROXY.xpls
13402,/Users/Administrator/Dropbox/Playlists/hlv_1312_mercury_10am.xpls
13943,/Users/Administrator/Dropbox/Playlists/PROXY.xpls
3760,/Users/Administrator/Dropbox/Playlists/PROXY.xpls
13439,/Users/Administrator/Dropbox/Playlists/PROXY.xpls
13929,/Users/Administrator/Dropbox/Playlists/hex_140122_eyes_ears.xpls
13928,/Users/Administrator/Dropbox/Playlists/PROXY.xpls
13877,/Users/Administrator/Dropbox/Playlists/hex_1401_life_of_a_dog.xpls
13435,/Users/Administrator/Dropbox/Playlists/liq_1312_a_show_of_strength.xpls
13441,/Users/Administrator/Dropbox/Playlists/PROXY.xpls
13849,/Users/Administrator/Dropbox/Playlists/PROXY.xpls
13437,/Users/Administrator/Dropbox/Playlists/fra_1312_st_louis_film_festival_shorts.xpls
13219,/Users/Administrator/Dropbox/Playlists/PROXY.xpls
13688,/Users/Administrator/Dropbox/Playlists/PROXY.xpls
13432,/Users/Administrator/Dropbox/Playlists/PROXY.xpls
13225,/Users/Administrator/Dropbox/Playlists/imp_1311.xpls
13223,/Users/Administrator/Dropbox/Playlists/ilj_1311.xpls
13217,/Users/Administrator/Dropbox/Playlists/PROXY.xpls
13095,/Users/Administrator/Dropbox/Playlists/hlv_1311_vets_day.xpls
13423,/Users/Administrator/Dropbox/Playlists/PROXY.xpls
13401,/Users/Administrator/Dropbox/Playlists/PROXY.xpls
13399,/Users/Administrator/Dropbox/Playlists/doc_1501_kids_rock_cancer.xpls
13385,/Users/Administrator/Dropbox/Playlists/PROXY.xpls
12869,/Users/Administrator/Dropbox/Playlists/PROXY.xpls
13372,/Users/Administrator/Dropbox/Playlists/PROXY.xpls
13334,/Users/Administrator/Dropbox/Playlists/PROXY.xpls
12871,/Users/Administrator/Dropbox/Playlists/mtb_sue_grafton.xpls
12877,/Users/Administrator/Dropbox/Playlists/PROXY.xpls
13321,/Users/Administrator/Dropbox/Playlists/PROXY.xpls
13092,/Users/Administrator/Dropbox/Playlists/hpr_1310_very_last_green_thing.xpls
12867,/Users/Administrator/Dropbox/Playlists/sot_1310.xpls
12865,/Users/Administrator/Dropbox/Playlists/PROXY.xpls
13229,/Users/Administrator/Dropbox/Playlists/dps_1311.xpls
13221,/Users/Administrator/Dropbox/Playlists/fra_1311_st_louis_film_festival.xpls
13119,/Users/Administrator/Dropbox/Playlists/PROXY.xpls
12859,/Users/Administrator/Dropbox/Playlists/liq_1310_jim_crow_to_barack_obama.xpls
13113,/Users/Administrator/Dropbox/Playlists/PROXY.xpls
20460,/Users/Administrator/Dropbox/Playlists/mtb_eric_greitens.xpls
13088,/Users/Administrator/Dropbox/Playlists/PROXY.xpls
12863,/Users/Administrator/Dropbox/Playlists/PROXY.xpls
13081,/Users/Administrator/Dropbox/Playlists/PROXY.xpls
12662,/Users/Administrator/Dropbox/Playlists/doc_kids_rock_cancer_im_with_the_band.xpls
3663,/Users/Administrator/Dropbox/Playlists/PROXY.xpls
12921,/Users/Administrator/Dropbox/Playlists/PROXY.xpls
12673,/Users/Administrator/Dropbox/Playlists/PROXY.xpls
22303,/Users/Administrator/Dropbox/Playlists/PROXY.xpls
22299,/Users/Administrator/Dropbox/Playlists/PROXY.xpls
22296,/Users/Administrator/Dropbox/Playlists/PROXY.xpls
22291,/Users/Administrator/Dropbox/Playlists/PROXY.xpls
22288,/Users/Administrator/Dropbox/Playlists/PROXY.xpls
22285,/Users/Administrator/Dropbox/Playlists/PROXY.xpls
22282,/Users/Administrator/Dropbox/Playlists/PROXY.xpls
12899,/Users/Administrator/Dropbox/Playlists/PROXY.xpls
12848,/Users/Administrator/Dropbox/Playlists/PROXY.xpls
22238,/Users/Administrator/Dropbox/Playlists/PROXY.xpls
22235,/Users/Administrator/Dropbox/Playlists/PROXY.xpls
22231,/Users/Administrator/Dropbox/Playlists/PROXY.xpls
12661,/Users/Administrator/Dropbox/Playlists/PROXY.xpls
12839,/Users/Administrator/Dropbox/Playlists/PROXY.xpls
12801,/Users/Administrator/Dropbox/Playlists/PROXY.xpls
12745,/Users/Administrator/Dropbox/Playlists/hex_life_of_an_explorer_2.xpls
12739,/Users/Administrator/Dropbox/Playlists/PROXY.xpls
12738,/Users/Administrator/Dropbox/Playlists/hex_farm_home.xpls
12671,/Users/Administrator/Dropbox/Playlists/PROXY.xpls
12669,/Users/Administrator/Dropbox/Playlists/dps_1309_bringing_plant_sciences.xpls
12668,/Users/Administrator/Dropbox/Playlists/ilj_1309.xpls
12667,/Users/Administrator/Dropbox/Playlists/mtb_hosseini.xpls
12666,/Users/Administrator/Dropbox/Playlists/PROXY.xpls
12664,/Users/Administrator/Dropbox/Playlists/fra_1309_festival_shorts.xpls
12663,/Users/Administrator/Dropbox/Playlists/acw_lisa_melandri.xpls
12660,/Users/Administrator/Dropbox/Playlists/imp_1308 Final.xpls
12640,/Users/Administrator/Dropbox/Playlists/PROXY.xpls
12636,/Users/Administrator/Dropbox/Playlists/PROXY.xpls
12916,/Users/Administrator/Dropbox/Playlists/ilj_1309.xpls
12552,/Users/Administrator/Dropbox/Playlists/PROXY.xpls
12473,/Users/Administrator/Dropbox/Playlists/PROXY.xpls
12451,/Users/Administrator/Dropbox/Playlists/PROXY.xpls
12447,/Users/Administrator/Dropbox/Playlists/PROXY.xpls
12372,/Users/Administrator/Dropbox/Playlists/PROXY.xpls
12282,/Users/Administrator/Dropbox/Playlists/PROXY.xpls
12231,/Users/Administrator/Dropbox/Playlists/PROXY.xpls
12001,/Users/Administrator/Dropbox/Playlists/PROXY.xpls
12173,/Users/Administrator/Dropbox/Playlists/PROXY.xpls
12172,/Users/Administrator/Dropbox/Playlists/PROXY.xpls
12171,/Users/Administrator/Dropbox/Playlists/PROXY.xpls
12170,/Users/Administrator/Dropbox/Playlists/PROXY.xpls
12169,/Users/Administrator/Dropbox/Playlists/PROXY.xpls
12168,/Users/Administrator/Dropbox/Playlists/PROXY.xpls
12167,/Users/Administrator/Dropbox/Playlists/PROXY.xpls
12121,/Users/Administrator/Dropbox/Playlists/PROXY.xpls
12119,/Users/Administrator/Dropbox/Playlists/PROXY.xpls
11989,/Users/Administrator/Dropbox/Playlists/PROXY.xpls
11995,/Users/Administrator/Dropbox/Playlists/PROXY.xpls
11870,/Users/Administrator/Dropbox/Playlists/PROXY.xpls
11866,/Users/Administrator/Dropbox/Playlists/sot_1306.xpls
11838,/Users/Administrator/Dropbox/Playlists/PROXY.xpls
11809,/Users/Administrator/Dropbox/Playlists/PROXY.xpls
11807,/Users/Administrator/Dropbox/Playlists/PROXY.xpls
11770,/Users/Administrator/Dropbox/Playlists/PROXY.xpls
3327,/Users/Administrator/Dropbox/Playlists/PROXY.xpls
15173,/Users/Administrator/Dropbox/Playlists/PROXY.xpls
11645,/Users/Administrator/Dropbox/Playlists/PROXY.xpls
11749,/Users/Administrator/Dropbox/Playlists/hpr_121206_horatio_alger_final.xpls
11657,/Users/Administrator/Dropbox/Playlists/bbs_1304.xpls
11651,/Users/Administrator/Dropbox/Playlists/ilj_1306.xpls
11736,/Users/Administrator/Dropbox/Playlists/PROXY.xpls
11649,/Users/Administrator/Dropbox/Playlists/mtb_1306_strout.xpls
11731,/Users/Administrator/Dropbox/Playlists/PROXY.xpls
11725,/Users/Administrator/Dropbox/Playlists/PROXY.xpls
10906,/Users/Administrator/Dropbox/Playlists/fra_1304_partner.xpls
3744,/Users/Administrator/Dropbox/Playlists/fra_1301_casualties_of the_state.xpls
11631,/Users/Administrator/Dropbox/Playlists/PROXY.xpls
11705,/Users/Administrator/Dropbox/Playlists/PROXY.xpls
11710,/Users/Administrator/Dropbox/Playlists/inn_mercy_emergency_management_tech.xpls
11505,/Users/Administrator/Dropbox/Playlists/PROXY.xpls
11515,/Users/Administrator/Dropbox/Playlists/btm_1305.xpls
11674,/Users/Administrator/Dropbox/Playlists/PROXY.xpls
11503,/Users/Administrator/Dropbox/Playlists/PROXY.xpls
11478,/Users/Administrator/Dropbox/Playlists/inn_alzheimers.xpls
11622,/Users/Administrator/Dropbox/Playlists/PROXY.xpls
11628,/Users/Administrator/Dropbox/Playlists/dps_1304_world_water_day.xpls
11491,/Users/Administrator/Dropbox/Playlists/mtb_1305_pink.xpls
11620,/Users/Administrator/Dropbox/Playlists/PROXY.xpls
10868,/Users/Administrator/Dropbox/Playlists/PROXY.xpls
10870,/Users/Administrator/Dropbox/Playlists/PROXY.xpls
11609,/Users/Administrator/Dropbox/Playlists/PROXY.xpls
11486,/Users/Administrator/Dropbox/Playlists/PROXY.xpls
11588,/Users/Administrator/Dropbox/Playlists/PROXY.xpls
11523,/Users/Administrator/Dropbox/Playlists/acw_erin_bode.xpls
10866,/Users/Administrator/Dropbox/Playlists/hlv_1304_weather1.xpls
11520,/Users/Administrator/Dropbox/Playlists/PROXY.xpls
10874,/Users/Administrator/Dropbox/Playlists/PROXY.xpls
10914,/Users/Administrator/Dropbox/Playlists/imp_1304.xpls
11451,/Users/Administrator/Dropbox/Playlists/PROXY.xpls
10911,/Users/Administrator/Dropbox/Playlists/mtb_gardner.xpls
11431,/Users/Administrator/Dropbox/Playlists/PROXY.xpls
10872,/Users/Administrator/Dropbox/Playlists/PROXY.xpls
11435,/Users/Administrator/Dropbox/Playlists/PROXY.xpls
10876,/Users/Administrator/Dropbox/Playlists/ilj_1304.xpls
10880,/Users/Administrator/Dropbox/Playlists/dps_1306_global_water_availability.xpls
10798,/Users/Administrator/Dropbox/Playlists/sot_1303.xpls
11409,/Users/Administrator/Dropbox/Playlists/PROXY.xpls
11386,/Users/Administrator/Dropbox/Playlists/PROXY.xpls
11346,/Users/Administrator/Dropbox/Playlists/PROXY.xpls
11246,/Users/Administrator/Dropbox/Playlists/PROXY.xpls
11243,/Users/Administrator/Dropbox/Playlists/PROXY.xpls
11238,/Users/Administrator/Dropbox/Playlists/PROXY.xpls
11189,/Users/Administrator/Dropbox/Playlists/PROXY.xpls
22708,/Users/Administrator/Dropbox/Playlists/PROXY.xpls
22706,/Users/Administrator/Dropbox/Playlists/PROXY.xpls
22703,/Users/Administrator/Dropbox/Playlists/PROXY.xpls
11148,/Users/Administrator/Dropbox/Playlists/PROXY.xpls
11145,/Users/Administrator/Dropbox/Playlists/PROXY.xpls
10856,/Users/Administrator/Dropbox/Playlists/PROXY.xpls
10842,/Users/Administrator/Dropbox/Playlists/mtb_drehle.xpls
10834,/Users/Administrator/Dropbox/Playlists/hlv_1303_forensics_10am.xpls
10836,/Users/Administrator/Dropbox/Playlists/hlv_1303_forensics_1pm.xpls
10750,/Users/Administrator/Dropbox/Playlists/PROXY.xpls
15199,/Users/Administrator/Dropbox/Playlists/hlv_1303_lincoln_2.xpls
10819,/Users/Administrator/Dropbox/Playlists/hlv_1302_civil_rights_10am.xpls
10810,/Users/Administrator/Dropbox/Playlists/liq_1303_comic_geeks.xpls
10808,/Users/Administrator/Dropbox/Playlists/fra_1303_african_film_fest.xpls
10800,/Users/Administrator/Dropbox/Playlists/PROXY.xpls
3785,/Users/Administrator/Dropbox/Playlists/hlv_1302_civil_rights_1pm.xpls
10709,/Users/Administrator/Dropbox/Playlists/PROXY.xpls
3774,/Users/Administrator/Dropbox/Playlists/PROXY.xpls
3780,/Users/Administrator/Dropbox/Playlists/PROXY.xpls
3773,/Users/Administrator/Dropbox/Playlists/PROXY.xpls
10681,/Users/Administrator/Dropbox/Playlists/PROXY.xpls
3759,/Users/Administrator/Dropbox/Playlists/PROXY.xpls
10672,/Users/Administrator/Dropbox/Playlists/PROXY.xpls
3784,/Users/Administrator/Dropbox/Playlists/mtb_jon_meacham.xpls
3756,/Users/Administrator/Dropbox/Playlists/hlv_1301_ jackie_and_me.xpls
3783,/Users/Administrator/Dropbox/Playlists/btm_1302.xpls
3742,/Users/Administrator/Dropbox/Playlists/PROXY.xpls
3750,/Users/Administrator/Dropbox/Playlists/imp_1301.xpls
3748,/Users/Administrator/Dropbox/Playlists/PROXY.xpls
3075,/Users/Administrator/Dropbox/Playlists/PROXY.xpls
3745,/Users/Administrator/Dropbox/Playlists/liq_ride_hard_turn_left_the_penrose_velodrome.xpls
3740,/Users/Administrator/Dropbox/Playlists/PROXY.xpls
3717,/Users/Administrator/Dropbox/Playlists/PROXY.xpls
13904,/Users/Administrator/Dropbox/Playlists/fra_1401_impact_after_the_crash.xpls
3752,/Users/Administrator/Dropbox/Playlists/hlv_ridley_pearson_1pm.xpls
2740,/Users/Administrator/Dropbox/Playlists/PROXY.xpls
3747,/Users/Administrator/Dropbox/Playlists/hpr_brian_mcNeill_under_the_lothian_sky.xpls
3685,/Users/Administrator/Dropbox/Playlists/PROXY.xpls
3721,/Users/Administrator/Dropbox/Playlists/PROXY.xpls
3719,/Users/Administrator/Dropbox/Playlists/PROXY.xpls
3691,/Users/Administrator/Dropbox/Playlists/mtb_chitra_d.xpls
3683,/Users/Administrator/Dropbox/Playlists/PROXY.xpls
3681,/Users/Administrator/Dropbox/Playlists/ilj_1212.xpls
3715,/Users/Administrator/Dropbox/Playlists/PROXY.xpls
21358,/Users/Administrator/Dropbox/Playlists/PROXY.xpls
3711,/Users/Administrator/Dropbox/Playlists/PROXY.xpls
3707,/Users/Administrator/Dropbox/Playlists/PROXY.xpls
3632,/Users/Administrator/Dropbox/Playlists/mtb_eric_greitens.xpls
3709,/Users/Administrator/Dropbox/Playlists/PROXY.xpls
13557,/Users/Administrator/Dropbox/Playlists/PROXY.xpls
3670,/Users/Administrator/Dropbox/Playlists/PROXY.xpls
3611,/Users/Administrator/Dropbox/Playlists/PROXY.xpls
3624,/Users/Administrator/Dropbox/Playlists/hlv_1211_veterans_day_10am.xpls
15192,/Users/Administrator/Dropbox/Playlists/hlv_1211_veterans_day_1pm.xpls
3665,/Users/Administrator/Dropbox/Playlists/PROXY.xpls
3609,/Users/Administrator/Dropbox/Playlists/PROXY.xpls
3661,/Users/Administrator/Dropbox/Playlists/PROXY.xpls
3622,/Users/Administrator/Dropbox/Playlists/dps_1210_global_hunger.xpls
3607,/Users/Administrator/Dropbox/Playlists/PROXY.xpls
3590,/Users/Administrator/Dropbox/Playlists/hlv_1210_cubanmissile_10am.xpls
3658,/Users/Administrator/Dropbox/Playlists/hlv_1210_cuban_missile_1pm.xpls
3656,/Users/Administrator/Dropbox/Playlists/PROXY.xpls
3654,/Users/Administrator/Dropbox/Playlists/PROXY.xpls
3652,/Users/Administrator/Dropbox/Playlists/fra_1209_shorts.xpls
3650,/Users/Administrator/Dropbox/Playlists/PROXY.xpls
3648,/Users/Administrator/Dropbox/Playlists/PROXY.xpls
3586,/Users/Administrator/Dropbox/Playlists/mtb_1210_donius.xpls
3568,/Users/Administrator/Dropbox/Playlists/PROXY.xpls
3588,/Users/Administrator/Dropbox/Playlists/imp_1210.xpls
3577,/Users/Administrator/Dropbox/Playlists/PROXY.xpls
3604,/Users/Administrator/Dropbox/Playlists/fra_1210_sliff.xpls
3566,/Users/Administrator/Dropbox/Playlists/PROXY.xpls
3600,/Users/Administrator/Dropbox/Playlists/PROXY.xpls
3574,/Users/Administrator/Dropbox/Playlists/ilj_1210.xpls
3491,/Users/Administrator/Dropbox/Playlists/PROXY.xpls
3597,/Users/Administrator/Dropbox/Playlists/PROXY.xpls
3557,/Users/Administrator/Dropbox/Playlists/PROXY.xpls
3437,/Users/Administrator/Dropbox/Playlists/doc_civil_war_113.xpls
3559,/Users/Administrator/Dropbox/Playlists/PROXY.xpls
3435,/Users/Administrator/Dropbox/Playlists/doc_civil_war_112.xpls
3496,/Users/Administrator/Dropbox/Playlists/PROXY.xpls
3507,/Users/Administrator/Dropbox/Playlists/fra_1209_dignity_harbor.xpls
3555,/Users/Administrator/Dropbox/Playlists/PROXY.xpls
3433,/Users/Administrator/Dropbox/Playlists/doc_civil_war_111.xpls
3553,/Users/Administrator/Dropbox/Playlists/PROXY.xpls
3551,/Users/Administrator/Dropbox/Playlists/PROXY.xpls
3547,/Users/Administrator/Dropbox/Playlists/hpr_sept_11th_interfaith_memorial_in_music.xpls
3549,/Users/Administrator/Dropbox/Playlists/PROXY.xpls
3431,/Users/Administrator/Dropbox/Playlists/doc_civil_war_110.xpls
3545,/Users/Administrator/Dropbox/Playlists/PROXY.xpls
3515,/Users/Administrator/Dropbox/Playlists/dps_1209_bioinformatics_lecture.xpls
3537,/Users/Administrator/Dropbox/Playlists/PROXY.xpls
3543,/Users/Administrator/Dropbox/Playlists/PROXY.xpls
3494,/Users/Administrator/Dropbox/Playlists/PROXY.xpls
3539,/Users/Administrator/Dropbox/Playlists/PROXY.xpls
3429,/Users/Administrator/Dropbox/Playlists/doc_civil_war_109.xpls
3535,/Users/Administrator/Dropbox/Playlists/PROXY.xpls
3427,/Users/Administrator/Dropbox/Playlists/doc_civil_war_108.xpls
3531,/Users/Administrator/Dropbox/Playlists/PROXY.xpls
2540,/Users/Administrator/Dropbox/Playlists/PROXY.xpls
3529,/Users/Administrator/Dropbox/Playlists/PROXY.xpls
3527,/Users/Administrator/Dropbox/Playlists/PROXY.xpls
3525,/Users/Administrator/Dropbox/Playlists/yah_frank_lloyd_wright_house.xpls
3523,/Users/Administrator/Dropbox/Playlists/PROXY.xpls
3409,/Users/Administrator/Dropbox/Playlists/PROXY.xpls
3454,/Users/Administrator/Dropbox/Playlists/mtb_buzz_bissinger.xpls
3513,/Users/Administrator/Dropbox/Playlists/sot_1209.xpls
3425,/Users/Administrator/Dropbox/Playlists/doc_civil_war_107.xpls
3452,/Users/Administrator/Dropbox/Playlists/btm_1208.xpls
3481,/Users/Administrator/Dropbox/Playlists/PROXY.xpls
3479,/Users/Administrator/Dropbox/Playlists/PROXY.xpls
3477,/Users/Administrator/Dropbox/Playlists/PROXY.xpls
3467,/Users/Administrator/Dropbox/Playlists/hpr_slu_safety_03.xpls
3423,/Users/Administrator/Dropbox/Playlists/doc_civil_war_106.xpls
3465,/Users/Administrator/Dropbox/Playlists/hpr_slu_safety_02.xpls
3463,/Users/Administrator/Dropbox/Playlists/PROXY.xpls
3407,/Users/Administrator/Dropbox/Playlists/PROXY.xpls
3461,/Users/Administrator/Dropbox/Playlists/PROXY.xpls
3421,/Users/Administrator/Dropbox/Playlists/doc_civil_war_105.xpls
3442,/Users/Administrator/Dropbox/Playlists/hpr_slu_safety_01.xpls
3400,/Users/Administrator/Dropbox/Playlists/ilj_1208.xpls
3459,/Users/Administrator/Dropbox/Playlists/PROXY.xpls
3419,/Users/Administrator/Dropbox/Playlists/doc_civil_war_104.xpls
3381,/Users/Administrator/Dropbox/Playlists/PROXY.xpls
3324,/Users/Administrator/Dropbox/Playlists/PROXY.xpls
3222,/Users/Administrator/Dropbox/Playlists/doc_civil_war_103.xpls
3417,/Users/Administrator/Dropbox/Playlists/PROXY.xpls
3388,/Users/Administrator/Dropbox/Playlists/mtb_2012_fran_deford.xpls
19492,/Users/Administrator/Dropbox/Playlists/PROXY.xpls
3398,/Users/Administrator/Dropbox/Playlists/PROXY.xpls
3220,/Users/Administrator/Dropbox/Playlists/doc_civil_war_102.xpls
3383,/Users/Administrator/Dropbox/Playlists/imp_1207.xpls
3379,/Users/Administrator/Dropbox/Playlists/PROXY.xpls
3338,/Users/Administrator/Dropbox/Playlists/inn_1207.xpls
3396,/Users/Administrator/Dropbox/Playlists/PROXY.xpls
3330,/Users/Administrator/Dropbox/Playlists/PROXY.xpls
3351,/Users/Administrator/Dropbox/Playlists/hpr_1206_mo_econ_council_immigration.xpls
3322,/Users/Administrator/Dropbox/Playlists/PROXY.xpls
3394,/Users/Administrator/Dropbox/Playlists/PROXY.xpls
3335,/Users/Administrator/Dropbox/Playlists/mtb_2012_bill_bradley.xpls
3370,/Users/Administrator/Dropbox/Playlists/doc_leaders_and_legends_one_true_vision.xpls
3320,/Users/Administrator/Dropbox/Playlists/PROXY.xpls
3357,/Users/Administrator/Dropbox/Playlists/PROXY.xpls
3328,/Users/Administrator/Dropbox/Playlists/PROXY.xpls
3353,/Users/Administrator/Dropbox/Playlists/dps_1206_corporate_sustainability.xpls
3386,/Users/Administrator/Dropbox/Playlists/sot_1207.xpls
3359,/Users/Administrator/Dropbox/Playlists/PROXY.xpls
3318,/Users/Administrator/Dropbox/Playlists/PROXY.xpls
3355,/Users/Administrator/Dropbox/Playlists/PROXY.xpls
3347,/Users/Administrator/Dropbox/Playlists/PROXY.xpls
3262,/Users/Administrator/Dropbox/Playlists/PROXY.xpls
3285,/Users/Administrator/Dropbox/Playlists/acw_alexander_mccall_smith.xpls
3251,/Users/Administrator/Dropbox/Playlists/syn_playback_68.xpls
3316,/Users/Administrator/Dropbox/Playlists/PROXY.xpls
3311,/Users/Administrator/Dropbox/Playlists/acw_jeffrey_bonner.xpls
3349,/Users/Administrator/Dropbox/Playlists/PROXY.xpls
3250,/Users/Administrator/Dropbox/Playlists/syn_playback_67.xpls
3343,/Users/Administrator/Dropbox/Playlists/PROXY.xpls
3283,/Users/Administrator/Dropbox/Playlists/btm_1205.xpls
3309,/Users/Administrator/Dropbox/Playlists/PROXY.xpls
3248,/Users/Administrator/Dropbox/Playlists/syn_playback_66.xpls
3307,/Users/Administrator/Dropbox/Playlists/PROXY.xpls
3301,/Users/Administrator/Dropbox/Playlists/PROXY.xpls
3260,/Users/Administrator/Dropbox/Playlists/PROXY.xpls
3305,/Users/Administrator/Dropbox/Playlists/hpr_magic_grove.xpls
3303,/Users/Administrator/Dropbox/Playlists/dps_1205.xpls
3299,/Users/Administrator/Dropbox/Playlists/hlv_back_to_nature_10am.xpls
3148,/Users/Administrator/Dropbox/Playlists/hlv_back_to_nature_1pm.xpls
3297,/Users/Administrator/Dropbox/Playlists/PROXY.xpls
3293,/Users/Administrator/Dropbox/Playlists/PROXY.xpls
3291,/Users/Administrator/Dropbox/Playlists/PROXY.xpls
3269,/Users/Administrator/Dropbox/Playlists/PROXY.xpls
3258,/Users/Administrator/Dropbox/Playlists/PROXY.xpls
3158,/Users/Administrator/Dropbox/Playlists/acw_2012_lisa_see.xpls
3246,/Users/Administrator/Dropbox/Playlists/syn_playback_65.xpls
3289,/Users/Administrator/Dropbox/Playlists/hpr_1205_a_life_unhappening.xpls
3244,/Users/Administrator/Dropbox/Playlists/syn_playback_64.xpls
3242,/Users/Administrator/Dropbox/Playlists/syn_playback_63.xpls
3240,/Users/Administrator/Dropbox/Playlists/syn_playback_62.xpls
3238,/Users/Administrator/Dropbox/Playlists/syn_playback_61.xpls
3236,/Users/Administrator/Dropbox/Playlists/syn_playback_60.xpls
3192,/Users/Administrator/Dropbox/Playlists/PROXY.xpls
2421,/Users/Administrator/Dropbox/Playlists/PROXY.xpls
3234,/Users/Administrator/Dropbox/Playlists/syn_playback_59.xpls
3232,/Users/Administrator/Dropbox/Playlists/syn_playback_58.xpls
3287,/Users/Administrator/Dropbox/Playlists/PROXY.xpls
3280,/Users/Administrator/Dropbox/Playlists/PROXY.xpls
3230,/Users/Administrator/Dropbox/Playlists/syn_playback_57.xpls
3228,/Users/Administrator/Dropbox/Playlists/syn_playback_56.xpls
3226,/Users/Administrator/Dropbox/Playlists/syn_playback_55.xpls
3151,/Users/Administrator/Dropbox/Playlists/imp_1204.xpls
3135,/Users/Administrator/Dropbox/Playlists/PROXY.xpls
3224,/Users/Administrator/Dropbox/Playlists/PROXY.xpls
3278,/Users/Administrator/Dropbox/Playlists/sot_1205.xpls
2136,/Users/Administrator/Dropbox/Playlists/PROXY.xpls
3099,/Users/Administrator/Dropbox/Playlists/inn_1204.xpls
3218,/Users/Administrator/Dropbox/Playlists/doc_civil_war_101.xpls
3133,/Users/Administrator/Dropbox/Playlists/PROXY.xpls
3137,/Users/Administrator/Dropbox/Playlists/ilj_1204.xpls
3216,/Users/Administrator/Dropbox/Playlists/PROXY.xpls
3214,/Users/Administrator/Dropbox/Playlists/PROXY.xpls
3212,/Users/Administrator/Dropbox/Playlists/PROXY.xpls
3210,/Users/Administrator/Dropbox/Playlists/mtb_lisa_see.xpls
3208,/Users/Administrator/Dropbox/Playlists/dps_1203.xpls
3488,/Users/Administrator/Dropbox/Playlists/hlv_1209_behind_the_scenes.xpls
3205,/Users/Administrator/Dropbox/Playlists/PROXY.xpls
3203,/Users/Administrator/Dropbox/Playlists/PROXY.xpls
3200,/Users/Administrator/Dropbox/Playlists/hlv_1203_civil_war_1pm.xpls
3198,/Users/Administrator/Dropbox/Playlists/PROXY.xpls
3196,/Users/Administrator/Dropbox/Playlists/PROXY.xpls
3097,/Users/Administrator/Dropbox/Playlists/PROXY.xpls
3188,/Users/Administrator/Dropbox/Playlists/PROXY.xpls
3186,/Users/Administrator/Dropbox/Playlists/PROXY.xpls
3194,/Users/Administrator/Dropbox/Playlists/PROXY.xpls
3182,/Users/Administrator/Dropbox/Playlists/PROXY.xpls
3095,/Users/Administrator/Dropbox/Playlists/PROXY.xpls
3180,/Users/Administrator/Dropbox/Playlists/PROXY.xpls
3176,/Users/Administrator/Dropbox/Playlists/doc_macedonia_4x3.xpls
3170,/Users/Administrator/Dropbox/Playlists/PROXY.xpls
3166,/Users/Administrator/Dropbox/Playlists/PROXY.xpls
3089,/Users/Administrator/Dropbox/Playlists/sot_1203.xpls
3164,/Users/Administrator/Dropbox/Playlists/PROXY.xpls
3062,/Users/Administrator/Dropbox/Playlists/btm_1202.xpls
3038,/Users/Administrator/Dropbox/Playlists/PROXY.xpls
3162,/Users/Administrator/Dropbox/Playlists/PROXY.xpls
3128,/Users/Administrator/Dropbox/Playlists/PROXY.xpls
3126,/Users/Administrator/Dropbox/Playlists/hlv_1302_civil_rights_1pm.xpls
3044,/Users/Administrator/Dropbox/Playlists/hlv_1302_civil_rights_10am.xpls
3124,/Users/Administrator/Dropbox/Playlists/PROXY.xpls
3040,/Users/Administrator/Dropbox/Playlists/acw_urrea.xpls
3086,/Users/Administrator/Dropbox/Playlists/PROXY.xpls
3122,/Users/Administrator/Dropbox/Playlists/PROXY.xpls
3120,/Users/Administrator/Dropbox/Playlists/PROXY.xpls
3042,/Users/Administrator/Dropbox/Playlists/acw_andrew_young.xpls
3031,/Users/Administrator/Dropbox/Playlists/liq_1202_sustainability_in_st_louis.xpls
3112,/Users/Administrator/Dropbox/Playlists/hlv_1101_holocaust_1pm.xpls
2989,/Users/Administrator/Dropbox/Playlists/PROXY.xpls
3079,/Users/Administrator/Dropbox/Playlists/PROXY.xpls
2947,/Users/Administrator/Dropbox/Playlists/PROXY.xpls
3077,/Users/Administrator/Dropbox/Playlists/PROXY.xpls
3072,/Users/Administrator/Dropbox/Playlists/PROXY.xpls
3011,/Users/Administrator/Dropbox/Playlists/acw_fred_bronstein.xpls
3070,/Users/Administrator/Dropbox/Playlists/PROXY.xpls
3068,/Users/Administrator/Dropbox/Playlists/PROXY.xpls
2945,/Users/Administrator/Dropbox/Playlists/PROXY.xpls
3066,/Users/Administrator/Dropbox/Playlists/PROXY.xpls
3064,/Users/Administrator/Dropbox/Playlists/PROXY.xpls
3033,/Users/Administrator/Dropbox/Playlists/mtb_1201_urrea.xpls
3015,/Users/Administrator/Dropbox/Playlists/PROXY.xpls
2984,/Users/Administrator/Dropbox/Playlists/PROXY.xpls
2887,/Users/Administrator/Dropbox/Playlists/111229
2982,/Users/Administrator/Dropbox/Playlists/PROXY.xpls
2980,/Users/Administrator/Dropbox/Playlists/PROXY.xpls
2911,/Users/Administrator/Dropbox/Playlists/inn_1112.xpls
2958,/Users/Administrator/Dropbox/Playlists/PROXY.xpls
2953,/Users/Administrator/Dropbox/Playlists/PROXY.xpls
2955,/Users/Administrator/Dropbox/Playlists/needs encoding
2919,/Users/Administrator/Dropbox/Playlists/acw_1112_markel.xpls
2895,/Users/Administrator/Dropbox/Playlists/needs encoding
2885,/Users/Administrator/Dropbox/Playlists/PROXY.xpls
2892,/Users/Administrator/Dropbox/Playlists/hlv_1112_pearl_harbor.xpls
1974,/Users/Administrator/Dropbox/Playlists/PROXY.xpls
2917,/Users/Administrator/Dropbox/Playlists/mtb_markel.xpls
2926,/Users/Administrator/Dropbox/Playlists/wus_bachmann.xpls
2905,/Users/Administrator/Dropbox/Playlists/PROXY.xpls
2949,/Users/Administrator/Dropbox/Playlists/ilj_1202.xpls
2943,/Users/Administrator/Dropbox/Playlists/imp_1201.xpls
2938,/Users/Administrator/Dropbox/Playlists/hpr_slu_safety_episode_1_fixed.xpls
2791,/Users/Administrator/Dropbox/Playlists/PROXY.xpls
2883,/Users/Administrator/Dropbox/Playlists/PROXY.xpls
2855,/Users/Administrator/Dropbox/Playlists/acw_jean_kwok.xpls
2929,/Users/Administrator/Dropbox/Playlists/PROXY.xpls
2793,/Users/Administrator/Dropbox/Playlists/ilj_1111.xpls
2824,/Users/Administrator/Dropbox/Playlists/dps_1111_hunger.xpls
2940,/Users/Administrator/Dropbox/Playlists/PROXY.xpls
2785,/Users/Administrator/Dropbox/Playlists/hlv_native_heritage_1pm.xpls
2813,/Users/Administrator/Dropbox/Playlists/btm_1111.xpls
2803,/Users/Administrator/Dropbox/Playlists/PROXY.xpls
2861,/Users/Administrator/Dropbox/Playlists/hpr_mario_vargas_llosa.xpls
2788,/Users/Administrator/Dropbox/Playlists/hlv_1111_veterans_10am.xpls
2933,/Users/Administrator/Dropbox/Playlists/hlv_1111_veterans.xpls
2858,/Users/Administrator/Dropbox/Playlists/hpr_2011_jazz_reach.xpls
2840,/Users/Administrator/Dropbox/Playlists/mtb_jean_kwok.xpls
2898,/Users/Administrator/Dropbox/Playlists/PROXY.xpls
2801,/Users/Administrator/Dropbox/Playlists/PROXY.xpls
2931,/Users/Administrator/Dropbox/Playlists/PROXY.xpls
2782,/Users/Administrator/Dropbox/Playlists/PROXY.xpls
2703,/Users/Administrator/Dropbox/Playlists/acw_2011_stacy_schiff.xpls
2720,/Users/Administrator/Dropbox/Playlists/hlv_the_science_behind_dams.xpls
2696,/Users/Administrator/Dropbox/Playlists/PROXY.xpls
2863,/Users/Administrator/Dropbox/Playlists/PROXY.xpls
2622,/Users/Administrator/Dropbox/Playlists/dps_1109_carrington.xpls
2774,/Users/Administrator/Dropbox/Playlists/PROXY.xpls
2701,/Users/Administrator/Dropbox/Playlists/imp_1110.xpls
2768,/Users/Administrator/Dropbox/Playlists/hpr_1110_the_musical_brain_of_david_roberson.xpls
2765,/Users/Administrator/Dropbox/Playlists/PROXY.xpls
2694,/Users/Administrator/Dropbox/Playlists/PROXY.xpls
2591,/Users/Administrator/Dropbox/Playlists/PROXY.xpls
2763,/Users/Administrator/Dropbox/Playlists/PROXY.xpls
2761,/Users/Administrator/Dropbox/Playlists/PROXY.xpls
2756,/Users/Administrator/Dropbox/Playlists/hlv_2011_constitution_day_show_10am.xpls
2753,/Users/Administrator/Dropbox/Playlists/PROXY.xpls
2546,/Users/Administrator/Dropbox/Playlists/inn_1109.xpls
2751,/Users/Administrator/Dropbox/Playlists/PROXY.xpls
2562,/Users/Administrator/Dropbox/Playlists/PROXY.xpls
2642,/Users/Administrator/Dropbox/Playlists/mtb_stacy_schiff_final.xpls
2748,/Users/Administrator/Dropbox/Playlists/syn_health_literacy_doc_2011.xpls
1878,/Users/Administrator/Dropbox/Playlists/PROXY.xpls
2744,/Users/Administrator/Dropbox/Playlists/PROXY.xpls
2742,/Users/Administrator/Dropbox/Playlists/acw_2011_claire_mccaskill.xpls
2670,/Users/Administrator/Dropbox/Playlists/liq_1109_brick_by_chance_and_fortune.xpls
2680,/Users/Administrator/Dropbox/Playlists/PROXY.xpls
2560,/Users/Administrator/Dropbox/Playlists/PROXY.xpls
2678,/Users/Administrator/Dropbox/Playlists/PROXY.xpls
2564,/Users/Administrator/Dropbox/Playlists/ilj_1109.xpls
2674,/Users/Administrator/Dropbox/Playlists/PROXY.xpls
2479,/Users/Administrator/Dropbox/Playlists/PROXY.xpls
2662,/Users/Administrator/Dropbox/Playlists/PROXY.xpls
2660,/Users/Administrator/Dropbox/Playlists/PROXY.xpls
2644,/Users/Administrator/Dropbox/Playlists/PROXY.xpls
2634,/Users/Administrator/Dropbox/Playlists/PROXY.xpls
2632,/Users/Administrator/Dropbox/Playlists/fra_1106_joes_place.xpls
2630,/Users/Administrator/Dropbox/Playlists/PROXY.xpls
2628,/Users/Administrator/Dropbox/Playlists/PROXY.xpls
2624,/Users/Administrator/Dropbox/Playlists/PROXY.xpls
2601,/Users/Administrator/Dropbox/Playlists/PROXY.xpls
2544,/Users/Administrator/Dropbox/Playlists/PROXY.xpls
2476,/Users/Administrator/Dropbox/Playlists/PROXY.xpls
2537,/Users/Administrator/Dropbox/Playlists/PROXY.xpls
2468,/Users/Administrator/Dropbox/Playlists/acw_daniel_wilson.xpls
2461,/Users/Administrator/Dropbox/Playlists/liq_1010_read_green_grow.xpls
2447,/Users/Administrator/Dropbox/Playlists/PROXY.xpls
3190,/Users/Administrator/Dropbox/Playlists/hpr_2011_regional_economic_council_conference.xpls
2418,/Users/Administrator/Dropbox/Playlists/fra_1108_gateway_guardians.xpls
2351,/Users/Administrator/Dropbox/Playlists/imp_1107.xpls
2343,/Users/Administrator/Dropbox/Playlists/PROXY.xpls
2341,/Users/Administrator/Dropbox/Playlists/PROXY.xpls
2339,/Users/Administrator/Dropbox/Playlists/PROXY.xpls
2337,/Users/Administrator/Dropbox/Playlists/PROXY.xpls
2312,/Users/Administrator/Dropbox/Playlists/btm_1108
2232,/Users/Administrator/Dropbox/Playlists/acw_daniel_wilson.xpls
2230,/Users/Administrator/Dropbox/Playlists/PROXY.xpls
2218,/Users/Administrator/Dropbox/Playlists/PROXY.xpls
2216,/Users/Administrator/Dropbox/Playlists/acw_2011_justin_cronin.xpls
2198,/Users/Administrator/Dropbox/Playlists/hpr_mae_wheeler.xpls
2195,/Users/Administrator/Dropbox/Playlists/liq_1106_u_city_sleuths.xpls
2186,/Users/Administrator/Dropbox/Playlists/PROXY.xpls
2182,/Users/Administrator/Dropbox/Playlists/PROXY.xpls
2184,/Users/Administrator/Dropbox/Playlists/PROXY.xpls
2180,/Users/Administrator/Dropbox/Playlists/PROXY.xpls
2134,/Users/Administrator/Dropbox/Playlists/PROXY.xpls
2126,/Users/Administrator/Dropbox/Playlists/PROXY.xpls
2122,/Users/Administrator/Dropbox/Playlists/PROXY.xpls
2119,/Users/Administrator/Dropbox/Playlists/doc_wallace_herndon_smith.xpls
2117,/Users/Administrator/Dropbox/Playlists/PROXY.xpls
2114,/Users/Administrator/Dropbox/Playlists/PROXY.xpls
2112,/Users/Administrator/Dropbox/Playlists/doc_to_dance_again.xpls
2110,/Users/Administrator/Dropbox/Playlists/fra_the_forgotten_genocide.xpls
2104,/Users/Administrator/Dropbox/Playlists/PROXY.xpls
2102,/Users/Administrator/Dropbox/Playlists/PROXY.xpls
2100,/Users/Administrator/Dropbox/Playlists/PROXY.xpls
2095,/Users/Administrator/Dropbox/Playlists/doc_2008_seeking_freedom.xpls
2089,/Users/Administrator/Dropbox/Playlists/hpr_enchantment_of_dreams.xpls
2086,/Users/Administrator/Dropbox/Playlists/doc_noteworthy_the_john_donald_robb_story_4X3.xpls
2084,/Users/Administrator/Dropbox/Playlists/PROXY.xpls
1825,/Users/Administrator/Dropbox/Playlists/ilj_1106.xpls
2124,/Users/Administrator/Dropbox/Playlists/PROXY.xpls
2082,/Users/Administrator/Dropbox/Playlists/doc_memories_in_motion.xpls
2079,/Users/Administrator/Dropbox/Playlists/doc_2007_josephine_baker_more_than_a_banana_skirt.xpls
2077,/Users/Administrator/Dropbox/Playlists/doc_2007_josephine_baker_fashion_show.xpls
2075,/Users/Administrator/Dropbox/Playlists/doc_2007_josephine_baker_coming_home.xpls
2073,/Users/Administrator/Dropbox/Playlists/doc_1011_dana_brown.xpls
2071,/Users/Administrator/Dropbox/Playlists/hpr_slsc_1101_climate_change.xpls
2059,/Users/Administrator/Dropbox/Playlists/doc_access_to_success_4x3.xpls
2057,/Users/Administrator/Dropbox/Playlists/acw_2011_justin_cronin.xpls
2055,/Users/Administrator/Dropbox/Playlists/PROXY.xpls
2053,/Users/Administrator/Dropbox/Playlists/PROXY.xpls
2049,/Users/Administrator/Dropbox/Playlists/PROXY.xpls
2006,/Users/Administrator/Dropbox/Playlists/PROXY.xpls
2138,/Users/Administrator/Dropbox/Playlists/btm_1105.xpls
1956,/Users/Administrator/Dropbox/Playlists/PROXY.xpls
1968,/Users/Administrator/Dropbox/Playlists/PROXY.xpls
1966,/Users/Administrator/Dropbox/Playlists/PROXY.xpls
1964,/Users/Administrator/Dropbox/Playlists/PROXY.xpls
1962,/Users/Administrator/Dropbox/Playlists/PROXY.xpls
2047,/Users/Administrator/Dropbox/Playlists/PROXY.xpls
1958,/Users/Administrator/Dropbox/Playlists/PROXY.xpls
1898,/Users/Administrator/Dropbox/Playlists/needs encoding
2051,/Users/Administrator/Dropbox/Playlists/dps_1105_malnutrition.xpls
2045,/Users/Administrator/Dropbox/Playlists/PROXY.xpls
2037,/Users/Administrator/Dropbox/Playlists/mtb_helen_simonson.xpls
1855,/Users/Administrator/Dropbox/Playlists/doc_2006_endangered_tales.xpls
1851,/Users/Administrator/Dropbox/Playlists/doc_2006_detox_your_domicile.xpls
1848,/Users/Administrator/Dropbox/Playlists/doc_collection_improvisation.xpls
1954,/Users/Administrator/Dropbox/Playlists/needs encoding
2017,/Users/Administrator/Dropbox/Playlists/PROXY.xpls
2043,/Users/Administrator/Dropbox/Playlists/PROXY.xpls
2535,/Users/Administrator/Dropbox/Playlists/acw_1106_helen_simonson.xpls
1984,/Users/Administrator/Dropbox/Playlists/PROXY.xpls
1982,/Users/Administrator/Dropbox/Playlists/PROXY.xpls
2533,/Users/Administrator/Dropbox/Playlists/PROXY.xpls
1980,/Users/Administrator/Dropbox/Playlists/PROXY.xpls
1827,/Users/Administrator/Dropbox/Playlists/liq_1104_searching_for_tom.xpls
1823,/Users/Administrator/Dropbox/Playlists/PROXY.xpls
1821,/Users/Administrator/Dropbox/Playlists/inn_1104.xpls
1635,/Users/Administrator/Dropbox/Playlists/needs encoding
1497,/Users/Administrator/Dropbox/Playlists/doc_children_of_the_mountains.xpls
1960,/Users/Administrator/Dropbox/Playlists/PROXY.xpls
2041,/Users/Administrator/Dropbox/Playlists/PROXY.xpls
2023,/Users/Administrator/Dropbox/Playlists/PROXY.xpls
2132,/Users/Administrator/Dropbox/Playlists/PROXY.xpls
2035,/Users/Administrator/Dropbox/Playlists/PROXY.xpls
1418,/Users/Administrator/Dropbox/Playlists/fra_6_words_from_bosnia.xpls
1416,/Users/Administrator/Dropbox/Playlists/fra_aging_in_the_shadows.xpls
1414,/Users/Administrator/Dropbox/Playlists/fra_1001_he_qi.xpls
1412,/Users/Administrator/Dropbox/Playlists/fra_the_meramec_river.xpls
1410,/Users/Administrator/Dropbox/Playlists/fra_that_all_may_one.xpls
1408,/Users/Administrator/Dropbox/Playlists/fra_the_life_and_times_of_alfonso_j_cervantes.xpls
1406,/Users/Administrator/Dropbox/Playlists/fra_a_filmmakers_journey.xpls
2039,/Users/Administrator/Dropbox/Playlists/PROXY.xpls
1386,/Users/Administrator/Dropbox/Playlists/PROXY.xpls
1978,/Users/Administrator/Dropbox/Playlists/PROXY.xpls
2459,/Users/Administrator/Dropbox/Playlists/liq_1102_a_different_way_of_life.xpls
2021,/Users/Administrator/Dropbox/Playlists/PROXY.xpls
2019,/Users/Administrator/Dropbox/Playlists/PROXY.xpls
1485,/Users/Administrator/Dropbox/Playlists/PROXY.xpls
2008,/Users/Administrator/Dropbox/Playlists/PROXY.xpls
2013,/Users/Administrator/Dropbox/Playlists/PROXY.xpls
1492,/Users/Administrator/Dropbox/Playlists/PROXY.xpls
1256,/Users/Administrator/Dropbox/Playlists/acw_2007_george_brady.xpls
1254,/Users/Administrator/Dropbox/Playlists/acw_2008_david_robertson.xpls
1252,/Users/Administrator/Dropbox/Playlists/acw_2009_thomas_lovejoy.xpls
1250,/Users/Administrator/Dropbox/Playlists/acw_2009_andre_royo.xpls
1248,/Users/Administrator/Dropbox/Playlists/acw_2009_salman_rushdie.xpls
1246,/Users/Administrator/Dropbox/Playlists/acw_ron_himes.xpls
1244,/Users/Administrator/Dropbox/Playlists/acw_2010_schankman.xpls
1242,/Users/Administrator/Dropbox/Playlists/acw_peter_martin.xpls
1240,/Users/Administrator/Dropbox/Playlists/acw_2009_ela_weissberger.xpls
1238,/Users/Administrator/Dropbox/Playlists/acw_1002_dick_gregory.xpls
1236,/Users/Administrator/Dropbox/Playlists/acw_john_pizarelli.xpls
1234,/Users/Administrator/Dropbox/Playlists/acw_1009_helen_thomas.xpls
1232,/Users/Administrator/Dropbox/Playlists/acw_1010_michael_mcdonald.xpls
1230,/Users/Administrator/Dropbox/Playlists/acw_2010_kit_bond.xpls
1228,/Users/Administrator/Dropbox/Playlists/acw_1012_c_brewer.xpls
1226,/Users/Administrator/Dropbox/Playlists/acw_simon.xpls
1224,/Users/Administrator/Dropbox/Playlists/acw_joe_edwards.xpls
2033,/Users/Administrator/Dropbox/Playlists/PROXY.xpls
1490,/Users/Administrator/Dropbox/Playlists/PROXY.xpls
1488,/Users/Administrator/Dropbox/Playlists/PROXY.xpls
2015,/Users/Administrator/Dropbox/Playlists/PROXY.xpls
1483,/Users/Administrator/Dropbox/Playlists/PROXY.xpls
1481,/Users/Administrator/Dropbox/Playlists/PROXY.xpls
2482,/Users/Administrator/Dropbox/Playlists/liq_1012_the_roof_is_on_fire.xpls
2031,/Users/Administrator/Dropbox/Playlists/PROXY.xpls
1318,/Users/Administrator/Dropbox/Playlists/needs encoding
1880,/Users/Administrator/Dropbox/Playlists/doc_unbridled_110205.xpls
2004,/Users/Administrator/Dropbox/Playlists/PROXY.xpls
2128,/Users/Administrator/Dropbox/Playlists/hlv_1102_wes_moore.xpls
1864,/Users/Administrator/Dropbox/Playlists/needs encoding
2002,/Users/Administrator/Dropbox/Playlists/PROXY.xpls
1479,/Users/Administrator/Dropbox/Playlists/PROXY.xpls
1476,/Users/Administrator/Dropbox/Playlists/hlv_1102_civil_war_1pm.xpls
2029,/Users/Administrator/Dropbox/Playlists/PROXY.xpls
1220,/Users/Administrator/Dropbox/Playlists/needs encoding
2490,/Users/Administrator/Dropbox/Playlists/liq_worlds_of_bright_glass.xpls
2000,/Users/Administrator/Dropbox/Playlists/PROXY.xpls
1334,/Users/Administrator/Dropbox/Playlists/needs encoding
1474,/Users/Administrator/Dropbox/Playlists/PROXY.xpls
1470,/Users/Administrator/Dropbox/Playlists/hlv_1101_holocaust_1pm.xpls
2027,/Users/Administrator/Dropbox/Playlists/PROXY.xpls
1998,/Users/Administrator/Dropbox/Playlists/PROXY.xpls
1996,/Users/Administrator/Dropbox/Playlists/PROXY.xpls
2025,/Users/Administrator/Dropbox/Playlists/PROXY.xpls
1992,/Users/Administrator/Dropbox/Playlists/PROXY.xpls
2130,/Users/Administrator/Dropbox/Playlists/PROXY.xpls
1316,/Users/Administrator/Dropbox/Playlists/ilj_1012.xpls
1994,/Users/Administrator/Dropbox/Playlists/PROXY.xpls
1988,/Users/Administrator/Dropbox/Playlists/PROXY.xpls
1460,/Users/Administrator/Dropbox/Playlists/PROXY.xpls
1462,/Users/Administrator/Dropbox/Playlists/PROXY.xpls
1986,/Users/Administrator/Dropbox/Playlists/PROXY.xpls
1384,/Users/Administrator/Dropbox/Playlists/PROXY.xpls
1452,/Users/Administrator/Dropbox/Playlists/PROXY.xpls
1450,/Users/Administrator/Dropbox/Playlists/PROXY.xpls
2497,/Users/Administrator/Dropbox/Playlists/liq_historical_tax_credits.xpls
1972,/Users/Administrator/Dropbox/Playlists/PROXY.xpls
1970,/Users/Administrator/Dropbox/Playlists/PROXY.xpls
1431,/Users/Administrator/Dropbox/Playlists/acw_1010_lois_lowry.xpls
1465,/Users/Administrator/Dropbox/Playlists/PROXY.xpls
1454,/Users/Administrator/Dropbox/Playlists/PROXY.xpls
1458,/Users/Administrator/Dropbox/Playlists/PROXY.xpls
1444,/Users/Administrator/Dropbox/Playlists/PROXY.xpls
1448,/Users/Administrator/Dropbox/Playlists/PROXY.xpls
1468,/Users/Administrator/Dropbox/Playlists/PROXY.xpls
2746,/Users/Administrator/Dropbox/Playlists/PROXY.xpls
2193,/Users/Administrator/Dropbox/Playlists/PROXY.xpls
1442,/Users/Administrator/Dropbox/Playlists/PROXY.xpls
1439,/Users/Administrator/Dropbox/Playlists/PROXY.xpls
2011,/Users/Administrator/Dropbox/Playlists/PROXY.xpls
2499,/Users/Administrator/Dropbox/Playlists/liq_scattered_seeds.xpls
1437,/Users/Administrator/Dropbox/Playlists/PROXY.xpls
1434,/Users/Administrator/Dropbox/Playlists/PROXY.xpls
1332,/Users/Administrator/Dropbox/Playlists/needs encoding
2140,/Users/Administrator/Dropbox/Playlists/PROXY.xpls
1314,/Users/Administrator/Dropbox/Playlists/needs encoding
1261,/Users/Administrator/Dropbox/Playlists/needs encoding
1952,/Users/Administrator/Dropbox/Playlists/PROXY.xpls
2331,/Users/Administrator/Dropbox/Playlists/needs encoding
1950,/Users/Administrator/Dropbox/Playlists/PROXY.xpls
1866,/Users/Administrator/Dropbox/Playlists/hpr_1010_60x60.xpls
1392,/Users/Administrator/Dropbox/Playlists/PROXY.xpls
1948,/Users/Administrator/Dropbox/Playlists/PROXY.xpls
1882,/Users/Administrator/Dropbox/Playlists/PROXY.xpls
2504,/Users/Administrator/Dropbox/Playlists/liq_st_benedicts_rule.xpls
1946,/Users/Administrator/Dropbox/Playlists/PROXY.xpls
1429,/Users/Administrator/Dropbox/Playlists/PROXY.xpls
1426,/Users/Administrator/Dropbox/Playlists/PROXY.xpls
1944,/Users/Administrator/Dropbox/Playlists/PROXY.xpls
1884,/Users/Administrator/Dropbox/Playlists/PROXY.xpls
1876,/Users/Administrator/Dropbox/Playlists/PROXY.xpls
1874,/Users/Administrator/Dropbox/Playlists/PROXY.xpls
1872,/Users/Administrator/Dropbox/Playlists/PROXY.xpls
1423,/Users/Administrator/Dropbox/Playlists/hlv_1009_why_judges_matter_1pm.xpls
1420,/Users/Administrator/Dropbox/Playlists/hlv_1009_why_judges_matter_10am.xpls
1870,/Users/Administrator/Dropbox/Playlists/PROXY.xpls
1942,/Users/Administrator/Dropbox/Playlists/PROXY.xpls
1868,/Users/Administrator/Dropbox/Playlists/PROXY.xpls
1382,/Users/Administrator/Dropbox/Playlists/PROXY.xpls
1312,/Users/Administrator/Dropbox/Playlists/needs encoding
1263,/Users/Administrator/Dropbox/Playlists/needs encoding
1330,/Users/Administrator/Dropbox/Playlists/needs encoding
1900,/Users/Administrator/Dropbox/Playlists/PROXY.xpls
2345,/Users/Administrator/Dropbox/Playlists/acw_2011_claire_mccaskill.xpls
1886,/Users/Administrator/Dropbox/Playlists/PROXY.xpls
1888,/Users/Administrator/Dropbox/Playlists/PROXY.xpls
1940,/Users/Administrator/Dropbox/Playlists/PROXY.xpls
1938,/Users/Administrator/Dropbox/Playlists/PROXY.xpls
1936,/Users/Administrator/Dropbox/Playlists/PROXY.xpls
1934,/Users/Administrator/Dropbox/Playlists/PROXY.xpls
1222,/Users/Administrator/Dropbox/Playlists/PROXY.xpls
2516,/Users/Administrator/Dropbox/Playlists/liq_knock_knock.xpls
1890,/Users/Administrator/Dropbox/Playlists/PROXY.xpls
1902,/Users/Administrator/Dropbox/Playlists/PROXY.xpls
1892,/Users/Administrator/Dropbox/Playlists/PROXY.xpls
1862,/Users/Administrator/Dropbox/Playlists/PROXY.xpls
1894,/Users/Administrator/Dropbox/Playlists/PROXY.xpls
1896,/Users/Administrator/Dropbox/Playlists/PROXY.xpls
1310,/Users/Administrator/Dropbox/Playlists/needs encoding
2191,/Users/Administrator/Dropbox/Playlists/hpr_explosives.xpls
1404,/Users/Administrator/Dropbox/Playlists/dps_1005_agriculture.xpls
1390,/Users/Administrator/Dropbox/Playlists/PROXY.xpls
1328,"/Users/Administrator/Dropbox/Playlists/ April 2010"""
1402,/Users/Administrator/Dropbox/Playlists/dps_1004_ira_flatow.xpls
1380,/Users/Administrator/Dropbox/Playlists/PROXY.xpls
1308,/Users/Administrator/Dropbox/Playlists/needs encoding
1265,/Users/Administrator/Dropbox/Playlists/needs encoding
3184,/Users/Administrator/Dropbox/Playlists/PROXY.xpls
2067,/Users/Administrator/Dropbox/Playlists/yah_underground_railroad.xpls
1400,/Users/Administrator/Dropbox/Playlists/dps_1003_women_in_science.xpls
1388,/Users/Administrator/Dropbox/Playlists/PROXY.xpls
1267,/Users/Administrator/Dropbox/Playlists/PROXY.xpls
1326,/Users/Administrator/Dropbox/Playlists/needs encoding
1306,/Users/Administrator/Dropbox/Playlists/ilj_1001.xpls
1275,/Users/Administrator/Dropbox/Playlists/PROXY.xpls
1378,/Users/Administrator/Dropbox/Playlists/PROXY.xpls
2512,/Users/Administrator/Dropbox/Playlists/liq_a_sewer_runs_through_it.xpls
1273,/Users/Administrator/Dropbox/Playlists/PROXY.xpls
1269,/Users/Administrator/Dropbox/Playlists/needs encoding
1398,/Users/Administrator/Dropbox/Playlists/needs encoding
1373,/Users/Administrator/Dropbox/Playlists/PROXY.xpls
1302,/Users/Administrator/Dropbox/Playlists/needs encoding
1271,/Users/Administrator/Dropbox/Playlists/PROXY.xpls
2279,/Users/Administrator/Dropbox/Playlists/needs encoding
1916,/Users/Administrator/Dropbox/Playlists/PROXY.xpls
1914,/Users/Administrator/Dropbox/Playlists/PROXY.xpls
1912,/Users/Administrator/Dropbox/Playlists/PROXY.xpls
1910,/Users/Administrator/Dropbox/Playlists/PROXY.xpls
1932,/Users/Administrator/Dropbox/Playlists/PROXY.xpls
1908,/Users/Administrator/Dropbox/Playlists/PROXY.xpls
1930,/Users/Administrator/Dropbox/Playlists/PROXY.xpls
1906,/Users/Administrator/Dropbox/Playlists/PROXY.xpls
1904,/Users/Administrator/Dropbox/Playlists/PROXY.xpls
1928,/Users/Administrator/Dropbox/Playlists/PROXY.xpls
2676,/Users/Administrator/Dropbox/Playlists/needs encoding
1277,/Users/Administrator/Dropbox/Playlists/needs encoding
1396,/Users/Administrator/Dropbox/Playlists/needs encoding
1371,/Users/Administrator/Dropbox/Playlists/PROXY.xpls
1369,/Users/Administrator/Dropbox/Playlists/PROXY.xpls
2522,/Users/Administrator/Dropbox/Playlists/liq_william_clark.xpls
1394,/Users/Administrator/Dropbox/Playlists/needs encoding
1367,/Users/Administrator/Dropbox/Playlists/PROXY.xpls
2518,/Users/Administrator/Dropbox/Playlists/liq_hidden_treasures.xpls
2061,/Users/Administrator/Dropbox/Playlists/yah_2008_bissell_house.xpls
2064,/Users/Administrator/Dropbox/Playlists/yah_2008_fort_bellefontaine.xpls
2220,/Users/Administrator/Dropbox/Playlists/wus_danforth.xpls
2222,/Users/Administrator/Dropbox/Playlists/PROXY.xpls
2200,/Users/Administrator/Dropbox/Playlists/PROXY.xpls
1304,/Users/Administrator/Dropbox/Playlists/needs encoding
1300,/Users/Administrator/Dropbox/Playlists/needs encoding
1279,/Users/Administrator/Dropbox/Playlists/needs encoding
1259,/Users/Administrator/Dropbox/Playlists/acw_paul_rusesabagina.xpls
1364,/Users/Administrator/Dropbox/Playlists/PROXY.xpls
1298,/Users/Administrator/Dropbox/Playlists/acw_peter_martin.xpls
1362,/Users/Administrator/Dropbox/Playlists/PROXY.xpls
1296,/Users/Administrator/Dropbox/Playlists/needs encoding
1281,/Users/Administrator/Dropbox/Playlists/PROXY.xpls
1324,/Users/Administrator/Dropbox/Playlists/needs encoding
19091,/Users/Administrator/Dropbox/Playlists/hlv_2008_of_monroeville_mockingbirid_themes_of_social_justice.xpls
19088,/Users/Administrator/Dropbox/Playlists/hlv_2008_of_monroeville_mockingbirid_setting_and_character.xpls
2335,/Users/Administrator/Dropbox/Playlists/needs encoding
1356,/Users/Administrator/Dropbox/Playlists/PROXY.xpls
1294,/Users/Administrator/Dropbox/Playlists/PROXY.xpls
1358,/Users/Administrator/Dropbox/Playlists/PROXY.xpls
1354,/Users/Administrator/Dropbox/Playlists/PROXY.xpls
1322,/Users/Administrator/Dropbox/Playlists/PROXY.xpls
1283,/Users/Administrator/Dropbox/Playlists/needs encoding
1352,/Users/Administrator/Dropbox/Playlists/PROXY.xpls
1292,/Users/Administrator/Dropbox/Playlists/needs encoding
1285,/Users/Administrator/Dropbox/Playlists/needs encoding
1350,/Users/Administrator/Dropbox/Playlists/PROXY.xpls
1320,/Users/Administrator/Dropbox/Playlists/PROXY.xpls
1287,/Users/Administrator/Dropbox/Playlists/needs encoding
1346,/Users/Administrator/Dropbox/Playlists/PROXY.xpls
1289,/Users/Administrator/Dropbox/Playlists/PROXY.xpls
1343,/Users/Administrator/Dropbox/Playlists/PROXY.xpls
1831,/Users/Administrator/Dropbox/Playlists/liq_1004_focus.xpls
1336,/Users/Administrator/Dropbox/Playlists/PROXY.xpls
2333,/Users/Administrator/Dropbox/Playlists/needs encoding
1926,/Users/Administrator/Dropbox/Playlists/PROXY.xpls
1924,/Users/Administrator/Dropbox/Playlists/PROXY.xpls
1922,/Users/Administrator/Dropbox/Playlists/PROXY.xpls
1920,/Users/Administrator/Dropbox/Playlists/PROXY.xpls
1918,/Users/Administrator/Dropbox/Playlists/PROXY.xpls
1829,/Users/Administrator/Dropbox/Playlists/liq_american_pioneers.xpls